id,parent_id,respond,Freetext,intent_name,sample_text1,sample_text2,sample_text3,sample_text4,sample_text5,sample_text6,sample_text7,sample_text8,sample_text9,sample_text10,sample_text11,sample_text12,sample_text13,sample_text14,sample_text15,sample_text16,sample_text17,sample_text18,sample_text19,sample_text20,sample_text21,sample_text22,sample_text23,sample_text24,sample_text25,sample_text26,sample_text27,sample_text28,sample_text29,sample_text30,sample_text31,sample_text32,sample_text33,sample_text34,sample_text35,sample_text36,sample_text37,sample_text38,sample_text39,sample_text40,sample_text41,sample_text42,sample_text43,sample_text44,sample_text45,sample_text46,sample_text47,sample_text48,sample_text49,sample_text50,sample_text51,sample_text52,sample_text53,sample_text54,sample_text55,sample_text56,sample_text57,sample_text58,sample_text59,sample_text60,sample_text61,sample_text62,sample_text63,sample_text64,sample_text65,sample_text66,sample_text67,sample_text68,sample_text69,sample_text70,sample_text71,sample_text72,sample_text73,sample_text74,sample_text75,sample_text76,sample_text77,sample_text78,sample_text79,sample_text80,sample_text81,sample_text82,sample_text83,sample_text84,sample_text85,sample_text86,sample_text87,sample_text88,sample_text89,sample_text90,sample_text91,sample_text92,sample_text93,sample_text94,sample_text95,sample_text96,sample_text97,sample_text98,sample_text99,sample_text100,sample_text101,sample_text102,sample_text103,sample_text104,sample_text105,sample_text106,sample_text107,sample_text108,sample_text109,sample_text110,sample_text111,sample_text112,sample_text113,sample_text114,sample_text115,sample_text116,sample_text117,sample_text118,sample_text119,sample_text120,sample_text121,sample_text122,sample_text123,sample_text124,sample_text125,sample_text126,sample_text127,sample_text128
52,KLJ > Syarat dan Ketentuan KLJ,"Berikut kami informasikan Syarat dan Ketentuan KLJ:
Syarat:
a. Berdomisili dan memiliki kartu keluarga Pemprov DKI Jakarta  
b. Diutamakan bagi lansia terlantar berusia 60 tahun keatas  
c. Tidak memiliki penghasilan tetap / miskin  
d. Sakit menahun dan / atau hanya bisa berbaring ditempat tidur  
e. Pendaftaran melalui PTSP Kelurahan  
f. Terdaftar dalam Basis Data Terpadu  
g. Bagi calon penerima yang belum terdaftar dapat mendaftarkan diri melalui Mekanisme Pemutakhiran Mandiri (MPM)  
h. Dilakukan penelitian administrasi dan peninjauan lapangan serta pemberian rekomendasi oleh Dinas Sosial Pemprov DKI Jakarta  
i. Penerima KLJ ditetapkan dengan SK Gubernur  
j. Mekanisme pembayaran langsung melalui pemindahbukuan ke rekening penerima bantuan setiap 3 (tiga) bulan sekali  
k. Penerima KLJ diberikan stiker penerima KLJ untuk ditempel di rumah (diberikan oleh pihak kelurahan   pada saat penerima KLJ menerima undangan pemberitahuan dari Bank DKI)  
l. Penerima KLJ diberikan kartu ATM dan PIN  
m. Dapat digunakan secara tunai / non tunai  
n. Tidak dikenakan biaya administrasi tabungan  
o. Dilakukan evaluasi setiap 3 (tiga) bulan oleh dinas sosial Pemprov DKI Jakarta 

(Bubble)
Ketentuan:
1 Kartu Lansia Jakarta (KLJ) adalah Program Pemerintah Provinsi DKI Jakarta berdasarkan    Peraturan Gubernur No. 193 tahun 2017, untuk pemenuhan kebutuhan dasar bagi Lansia, dimana program ini diberikan kepada perorangan yang telah memenuhi kriteria dan persyaratan yang ditetapkan oleh Dinas Sosial DKI Jakarta  
2. Penerima KLJ mendapat bantuan dana sebesar Rp. 600.000 setiap bulannya dan disetorkan ke rekening masing-masing penerima dana KLJ  
3. Rekening KLJ tidak dibebankan biaya administrasi  
4. Dana dari rekening KLJ dapat ditarik tunai dan non tunai melalui ATM  
5. Sasaran utama KLJ adalah sebagai berikut :  
a. Diutamakan bagi lanjut usia terlantar berusia 60 tahun ke atas dengan kondisi status ekonomi terendah dan terdaftar dalam Basis Data Terpadu (BDT)  
b. Tidak memiliki penghasilan tetap atau dibawah standar hidup layak sehingga tidak bisa memenuhi kebutuhan dasarnya  
c. Lansia menderita sakit yang sudah menahun dan hanya terbaring di tempat tidur (bedridden)  
d. Lansia terlantar secara psikis dan sosial 
 
6. Jika nasabah datang ke Cabang/Cabang Pembantu/Kantor Kas, agar tetap dilayani dengan baik, diterima di ruangan khusus dan dijelaskan bahwa prosedur penerima KLJ dapat dicek datanya melalui Kelurahan masing-masing 
",Apa saja syarat dan ketentuan sebagai penerima KLJ?,usr.dki_sk_klj,Info syarat dan ketentuan KLJ,Adakah syarat dan ketentuan mendaftar KLJ? boleh infokan yaa,"Aku disuruh daftar klj buat nenek nih, infokan syarat sama ketentuannya dong buat daftar klj","Semisal gue daftarin kakek klj, syarat-syarat yang bisa gue cari kaya gimana ya?",Berikan saya informasi tentang syarat pengajuan KLJ,"Halo, kamu punya detail info syarat sama ketentuan untuk pendaftaran klj ngga?","Saya mau mengajukan klj buat orang tua saya, tapi belum tau syarat-syaratnya, kamu ada info terkait syaratnya?","aku penasaran nih, syarat-syarat daftar jadi peserta klj gimana sih?","ada rencana mau daftarin ibu jadi peserta klj nih, kamu tau syarat ketentuannya?",Banyak ngga sih kak syarat-syarat buat jadi pengajuan klj? kasih tau dong,"aku minta informasinya min, syarat-syarat buat daftar klj apa aja? sama ketentuannya min sekalian","tadi di bilang tetangga, nenek saya bisa daftar klj, jadi penasaran nih emang butuh syarat apa aja buat daftarnya?","Kata temen, aku bisa daftarkan orang tua klj, emang syarat sama ketentuannya kaya gimana min?",Admin paham ngga syarat-syarat yang bisa aku lampirkan buat daftar KLJ? jelasin langsung dong,"Jelasin syarat sama ketentuan jadi peserta klj dong, aku bingung nih dari tadi ",usia saya 61 tahun min tapi masih sehat apakah bisa menerima KLJ atau ada syarat tertentu lagi,persyaratan pendaftaran klj,ada syarat KLJ terkait ATM gak ya kalau ada aku mau bantu tetanggaku nih yang kesulitan pakai ATM,min minta ketentuan pengajuan dana KLJ dong,kartu keluarga termasuk syarat wajib KLJ gak min soalnya KK nya tetangga hilang lupa disimpen dimana,bingung deh banyak banget ketentuan jadi member KLJ bisa gak sih jelasin satu satu secara detail ,semua lansia umur 60 tahun keatas bisa daftar KLJ dong atau ada syarat lain yang belum gue ngerti,bagi ke gue dong syarat ketentuan KLJ apa aja lagi butuh cepet nih,aku mau bantu tetanggaku ngurus KLJ nya nih boleh minta tolong infoin syarat dan ketentuan KLJ apa aja  ,ternyata list syarat sama ketentuan KLJ dibedain ya kirain jadi satu mau dong min kirim lagi ya list nya,aku minta detail syarat penerima KLJ min ternyata beda ya sama ketentuannya,usia termasuk salah satu syarat penerima KLJ gak,rumahku jakarta tapi bukan asli sini min bisa jadi penerima KLJ gak ya buat ortu saya,share ketentuan KLJ dong aku belum sempet baca,syaratnya udah tau sih kalau ketentuan KLJ apa aja ya min,orang yang berhak menerima KLJ syaratnya apa aja ya min,semua lansia bisa dapat KLJ atau ada syarat tertentu ya,adakah detail informasi ketentuan bantuan dana KLJ?,mohon informasikan persyaratan dan aturan bagi yang dapat menerima bantuan KLJ,adakah ketentuan mengenai bantuan dana KLJ?,"rencana mau daftarkan ortu jadi penerima KLH, boleh infokan syaratnya apa aja?",adakah syarat untuk lansia selain berdomisili di jakarta agar dapat menerima KLJ?,penasaran deh sebenarnya ketentuan jadi penerima program KLJ ini kayak apa sih,"min, bapakku udah lansia kok gak dapet bantuan emang syarat ikutan program KLJ gimana?",mau tau dong syarat dan ketentuan dari pemprov yang bisa dapat KLJ ,apakah pemerintah sudah ada ketentuan tersendiri terkait penerima program KLJ?,dapatkah saya memperoleh informasi syarat dan ketentuan program KLJ?,infokan syarat & ketentuan penerima KLJ ini gue mau bantu daftarin tetangga,ada info ketentuan penerima KLJ ini hanya untuk lansia terlantar apa benar begitu?,tolong informasi selengkapnya ketentuan bagi pendaftar yang berhak menerima KLJ,Apakah syarat utama untuk menjadi calon penerima KLJ,adakah ketentuan mengenai batasan usia untuk menjadi penerima KLJ,ketentuan apa saja bagi bagi lansia terkait kriteria penerima KLJ,apakah syarat penerima LKJ harus domisili Jakarta,Apakah terdapat ketentuan spesifik yang harus dipenuhi untuk bisa jadi penerima dana KLJ,spill apa aja syarat-syarat yang harus dipenuhi agar bisa menjadi penerima KLJ,Apakah benar ada persyaratan terkait kartu ATM dan PIN untuk penerima KLJ,Kasih tau syarat dan ketentuan bagi penerima KLJ dong,"ketentuan buat nerima dana KLJ apa aja ya, saya berniat daftarkan kakek saya yang sudah sakit","mau nanya untuk jadi penerima klj, syarat minimumnya apa aja ya? kebetulan nenek lagi sakit dan butuh dana buat berobat",ada berapa sih ketentuan yang harus dipenuhi sebagai penerima KLJ,"sesuai ketentuan yang ada, dana rekening KLJ bisa ditarik tunai tidak",bagi info dong persyaratan pendaftaran sebagai calon penerima KLJ,"sesuai persyarat yang ada, gimana sih mekanisme pembayaran KLJ",Apakah ada persyaratan mengenai pihak yang ingin mendaftar program KLJ,"program KLJ, syarat yang perlu dipenuhi apa saja ya?","mau daftarkan ortu saya untuk ikut program KLJ karena kebetulan lagi sakit, syaratnya apa saja?","rencana daftarin ortu program pemerintah KLJ, apa aja syaratnya?",syarat daftar program pemerintah KLJ,ketentuan pendaftaran KLJ,syarat pengajuan KLJ apa saja,,,,,,,,,,,,,,,,,,,,,,,,,,,,,,,,,,,,,,,,,,,,,,,,,,,,,,,,,,,,,,
56,KJMU > S&K KJMU,"Berikut kami informasikan Syarat dan Ketentuan KJMU:
Persyaratan KJMU:
Mendaftar di PTN dan dinyatakan lulus seleksi melalui Seleksi Nasional Masuk Perguruan Tinggi Negeri (SNMPTN), Seleksi Bersama Masuk Perguruan Tinggi Negeri (SBMTPTN), dan Seleksi Mandiri PTN

Ketentuan KJMU:
-Pemberian bantuan biaya peningkatan mutu pendidikan bagi mahasiswa PTN adalah sebagai berikut: 
1. Meningkatkan akses dan kesempatan belajar di PTN bagi peserta didik yang tidak mampu secara ekonomi dan memiliki potensi akademik yang baik.
2. Memberi bantuan biaya peningkatan mutu pendidikan kepada calon mahasiswa yang memenuhi kriteria untuk menempuh pendidikan program diploma/sarjana sampai selesai dan tepat waktu
3. Menigkatkan mutu pendidikan masyarakat, dan  
4. Menumbuhkan motivasi bagi peserta didik untuk meningkatkan prestasi dan kompetitif

(Bubble)
-Sasaran :    
1.Peserta didik dan Alumni yang tidak mampu secara ekonomi dan lulus seleksi PTN; dan  
2.Mahasiswa PTN yang tidak mampu secara ekonom 

-Besaran :    
1.Bantuan Biaya Peningkatan Mutu Pendidikan diberikan dalam bentuk biaya penyelenggaraan pendidikan dan/atau biaya pendukung personal yaitu sebesar Rp 1.500.000 per bulan.
2.Biaya penyelenggaraan pendidikan dikelola oleh PTN dan Penyaluran biaya penyelenggaraan pendidikan ke rekening PTN melalui pendebetan dari rekening mahasiswa berdasarkan Surat Kuasa Pendebetan Biaya Penyelenggaraan Pendidikan ",Apa saja syarat dan ketentuan penerima bantuan KJMU?,usr.dki_kjmu_sk,info syarat dan ketentuan KJMU,Apa saja syarat penerima bantuan KJMU?,Butuh detail terkait syarat-syarat KJMU,Jelasin dong apa aja syarat yang harus dilengkapi sama penerima KJMU,"halo, adakah syarat dan ketentuan untuk daftar KJMU?",Emang seperti apa syarat dan ketentuannya kalau mau daftar KJMU?,"Boleh kasih tau ngga, syarat-syarat yang harus dibawa pas daftar KJMU?",Ketentuannya bagaimana jika mau registrasi sebagai penerima KJMU?,"Tolong jelaskan syarat sama ketentuan KJMU dong, kayanya aku masuk ke syaratnya deh","Saya disarankan daftar kjmu, anda ada info syarat-syaratnya ngga?",Kriteria atau syarat bisa daftar kjmu gimana ya min? aku bingung ,"halo kak, buat daftar kjmu syaratnya harus lulus seleksi ptn kah? ",Apa yang harus saya siapkan agar mendapatkan kjmu? ,Banyak ga sih syarat sama ketentuan buat dapet bantuan kjmu? infokan dong,"gue mau coba bantuan kjmu, tapi syarat-syaratnya belum paham, lo ada infonya ngga?","syarat buat jadi penerima dana KJMU apa aja ya, saya tertarik buat pengajuannya",masih bingung nih sama syarat yang diperluin buat daftar program KJMU,bantuan dari KJMU bakalan dikelola PTN atau mahasiswa itu sendiri ya?,apa aja kriteria buat bisa ikut program KJMU?,"pengen ikut program KJMU, tapi aku udah alumni, emangnya bisa?",ribet gak sih syarat buat bisa jadi penerima bantuan KJMU?,halo min kriteria buat pendaftaran KJMU apa aja ya,"pengen tau dong min, siapa aja sih sasaran dari program KJMU dan syaratnya apa?",apa semua maba bisa ikut daftar jadi penerima bantuan KJMU?,dukungan akademik bisa dibantu buat program KJMU atau engga sih min,tolong infoin rincian syarat dan ketentuan buat bisa jadi penerima bantuan KJMU dong,apa bantuan KJMU bisa buat mahasiswa yang mau melanjutkan studi ke jenjang yang lebih tinggi?,"aku maba, pengen jadi salah satu penerima bantuan KJMU apa bisa?",program KJMU memberikan bantuan dalam bentuk lain selain uang tunai atau engga sih min?,apakah alumni bisa tetep ikutan program KJMU?,bagaimana dengan syarat dan ketentuan KJMU?,adakah detail informasi mengenai persyaratan bagi penerima uang KJMU?,ada ketentuan terkait pemberian uang KJMU nggak ya,gue masuk kuliah jalur mandiri bisa daftar KJMU nggak sih?,"kalo menerima bantuan KJMU bakal dapat berapa sih, syarat buat ikutannya apa ya",mohon informasi tekait mahasiswa yang berhak menerima uang dari KJMU,min penerima KJMU ini mahasiswa yang lolos seleksi PTN jalur apa aja? yang mandiri bisa nggak ya,gimana sih ketentuan pemberian bantuan KJMU?,jumlah uang yang diberikan dari KJMU berapa ya? apa cukup untuk biaya ukt,"mau tau persyaratan dapet KJMU dong , butuh untuk uang kuliah",hai min aku baru lulus SMA mau daftar KJMU ada syarat-syaratnya nggak? infokan yaa,emang dana KJMU dapat berapa sih kok katanya buat mahasiswa yang kurang mampu doang?,kalo udah bukan mahasiswa baru masih bisa daftar KJMU nggak,min spill penerima KJMU dong masa kata temen gue buat yang jalur mandiri nggak ada,apa semua mahasiswa bisa nyoba daftar KJMU? yang daftar mandiri tetep bisa dapat kah,program KJMU memberikan bantuan bagi mahasiswa yang mengalami kesulitan dalam faktor non-ekonomi atau engga min,biaya pendidikan apa aja sih yang bakalan dibantu lewat program KJMU,aku butuh informasi terkait ketentuan apa aja buat bisa nerima bantuan uang ukt dari KJMU,"selamat pagi, aku mau tau dong berapa nominal dan gimana cara buat daftar program KJMU",mahasiswa program d3 bisa ikut jadi penerima bantuan KJMU atau engga?,program KJMU bisa buat mahasiswa lama gak sih min?,"mau tau dong min, apa cuma mahasiswa baru aja yang bisa daftar jadi penerima KJMU?",mahasiswa yang masuk lewat seleksi mandiri apa bisa menjadi penerima KJMU?,apakah ada kriteria khusus yang harus dipenuhi mahasiswa PTN yang ingin menerima bantuan KJMU?,bagaimana mekanisme penyaluran biaya bantuan kepada penerima KJMU?,buat jadi penerima bantuan uang kuliah dari KJMU ada syarat dan ketentuannya gak sih?,"infoin dong min, berapa jumlah biaya yang bakalan diberikan buat para penerima bantuan KJMU",apa aja sih syarat yang harus dipenuhi calon penerima bantuan KJMU?,Bantuan pendidikan KJMU diberikan berupa apa ya min?,siapa aja sih yang bisa jadi penerima bantuan KJMU?,uang dari KJMU dapat berapa ya,berapa bantuan yang didapat dari KJMU,syarat untuk daftar KJMU apa aja ya? saya keterima di universitas negeri namun terkendala biaya kuliah,syarat pengajuan KJMU untuk bantuan biaya kuliah,"saya diterima di universitas negeri,  adakah kriteria untuk daftar KJMU","saya masuk PTN, boleh info nggak kriteria untuk ngajukan KJMU apa saja?",kriteria untuk mahasiwa yang ingin mengajukan program KJMU,apakah ada kriteria khusus bagi calon mahasiswa yang ingin mendaftar KJMU,,,,,,,,,,,,,,,,,,,,,,,,,,,,,,,,,,,,,,,,,,,,,,,,,,,,,,,,,,,,
82,E - Retribusi,"Berikut kami informasikan Golongan dan Jenis Retribusi:
Retribusi Jasa Umum:
1. Pelayanan Kesehatan
2. Pelayanan Persampahan/Kebersihan
3. Penggantian Biaya Cetak Kartu Tanda Penduduk dan Akta Catatan Sipil
4. Pelayanan Pemakaman dan Pengabuan Mayat
5. Pelayanan Pasar
6. Pengujian Kendaraan Bermotor
7. Pemeriksaan Alat Pemadam Kebakaran
8. Penggantian Biaya Cetak Peta
9. Penyediaan dan Penyedotan Kakus
10. Pengolahan Limbah Cair
11. Pelayanan Tera/Tera Ulang
12. Pelayanan Pendidikan
13. Pengendalian Menara Telekomunikasi

(Bubble)
Retribusi Jasa Usaha:
1. Pemakaian Kekayaan Daerah
2. Pasar Grosir dan/atau Pertokoan
3. Tempat Pelelangan
4. Terminal
5. Penginapan/Pesanggrahan atau Villa
6. Rumah Potong Hewan
7. Pelayanan Kepelabuhan
8. Tempat Rekreasi dan Olahraga
9. Penyeberangan di Air
10. Penjualan Produksi Usaha Daerah Retribusi Perizinan

(Bubble)
Retribusi Perizinan Tertentu:
1. Izin Mendirikan Bangunan
2. Izin Tempat Penjualan Minuman Beralkohol
3. Izin Gangguan
4. Izin Trayek
5.Izin Usaha Perikanan","- E - Retribusi
- Golongan dan Jenis Retribusi
- Apa saja golongan dan jenis retribusi?",usr.dki_eretribusi,informasi E-Retribusi,e-retrbusi bank dki ,apa aja yang masuk di golongan retribusi jasa usaha?,infoin tentang jenis-jenis retribusi,jelasin dong golongan mana aja yang termasuk di retribusi,"sore min, aku mau tanya tentang retribusi jasa usaha itu ada apa aja ya?","eh min, e-retribusi di bank dki pembagiannya gimana ya?","halo kak, mau tanya perbedaan antara retribusi dalam jenis yang berbeda apa saja?",Emang ada peraturan tertentu yang mengatur golongan dan jenis retribusi ya min?,layanan retribusi yang disediakan oleh bank dki apa saja bro?,Banyak ga sih jenis layanan retribusi di bank dki?,Bagaimana sistem golongan retribusi yang bisa digunakan oleh nasabah?,untuk jenis retribusi khusus daftar layanannya apa saja? boleh infokan detailnya,gue mau tau tentang jenis retribusi jasa umum dong min,"halo kak, jenis layanan e-retribusi untuk usaha terbagi menjadi apa aja?",retribusi jasa jadi satu atau dbedakan lagi jenisnya,"selamat pagi, saya mau tanya terkait golongan E-retribusi",golongan retribusi perizinan tertentu itu yang kayak gimana aja ,kalau yang izin-izin gitu termasuk jenis retribusi apa,tempat rekreasi dan olahraga masuk ke retribusi mana nih,terminal masuk ke retribusi jasa usaha atau retribusi jasa umum,minta list retribusi yang masuk ke golongan retribusi jasa umum,pengolahan limbah cair masuk ke retribusi yang mana,perizinan apa saja yang masuk ke retribusi perizinan tertentu,kasih contoh min yang masuk ke retribusi jasa umum dan retribusi jasa usaha,retribusi dibagi menjadi berapa golongan sih,perbedaan retribusi jasa umum dengan retribusi jasa usaha apa ya,jelaskan apa saja yang termasuk retribusi jasa umum dan retribusi jasa usaha,retribusi jasa umum sama atau beda dengan retribusi jasa usaha,sebutkan apa saja yang termasuk retribusi golongan perizinan tertentu,layanan retribusi untuk jasa usaha apa saja ya?,apakah izin mendirikan bangunan termasuk dalam layanan retribusi?,saya jemaat gereja di bekasi izin bertanya apakah IMB masuk ke retribusi perizinan? ,kalo usaha tempat rekreasi itu masuknya retribusi jenis apa,apakah ada retribusi untuk izin mendirikan bar,informasi terbaru terkait jenis retribusi dong,adakah retribusi untuk pelayanan kesehatan? ,bagi info terkait e-retribusi di bank dki dong,apa e-retribusi bank dki ada untuk layanan pengelolaan sampah juga?,bagaimana penggolongan jenis retribusi di bank dki,e-retribusi untuk pembayaran jasa apa saja,mau mengajukan izin mendirikan bangunan apa bisa melalui e-retribusi?,bayar biaya pemakaman bisa melalui e-retribusi di bank dki tidak ya,emang bayar uji kendaraan bermotor bisa dari e-retribusi?,duh aku nggak paham e-retribusi ini bisa buat apa aja? jelasin dong min,ada berapa sih kategori dalam e-retribusi,apa saja sih jenis-jenis retribusi jasa umum yang dikenakan oleh pemerintah,bisakah Anda sebutkan beberapa contoh retribusi jasa usaha,"bagaimana dengan retribusi perizinan tertentu, apa saja yang termasuk dalam kategori ini","aku belum tahu apa aja yang termasuk jenis retribusi jasa usaha, tolong sebutkan min",layanan terminal itu golongan retribusi apa ya min,min infokan retribusi perizinan itu ada apa aja,pelayanan apa aja sih yang ada digolongan retribusi jasa umum,banyak enggak min jenis atau penggolongan retribusi,mohon informasinya mengenai jenis-jenis dari e-retribusi,kalau retribusi jasa umum ada berapa golongan min,mau tanya retribusi jenis jasa usaha meliputi apa aja,btw bagi info dong mengenai pengelompokkan e-retribusi,tempat pelelangan itu masuk kelas retribusi apa min,untuk pelayanan pasar termasuk ke dalam retribusi kategori apa,,,,,,,,,,,,,,,,,,,,,,,,,,,,,,,,,,,,,,,,,,,,,,,,,,,,,,,,,,,,,,,,,,,,