NO,TITLE,CONTEXT,PERTANYAAN1,PERTANYAAN2,PERTANYAAN3,PERTANYAAN4,PERTANYAAN5,PERTANYAAN6,PERTANYAAN7,PERTANYAAN8,PERTANYAAN9,PERTANYAAN10,PERTANYAAN11,PERTANYAAN12,PERTANYAAN13,PERTANYAAN14,PERTANYAAN15,PERTANYAAN16,PERTANYAAN17,PERTANYAAN18,PERTANYAAN19,PERTANYAAN20,PERTANYAAN21,PERTANYAAN22,PERTANYAAN23,PERTANYAAN24,PERTANYAAN25,PERTANYAAN26,PERTANYAAN27,PERTANYAAN28,PERTANYAAN29,PERTANYAAN30,PERTANYAAN31,PERTANYAAN32,PERTANYAAN33,PERTANYAAN34,PERTANYAAN35,PERTANYAAN36,PERTANYAAN37,PERTANYAAN38,PERTANYAAN39,PERTANYAAN40,PERTANYAAN41,PERTANYAAN42,PERTANYAAN43,PERTANYAAN44,PERTANYAAN45,PERTANYAAN46,PERTANYAAN47,PERTANYAAN48,PERTANYAAN49,PERTANYAAN50,PERTANYAAN51,PERTANYAAN52,PERTANYAAN53,PERTANYAAN54,PERTANYAAN55,PERTANYAAN56,PERTANYAAN57,PERTANYAAN58,PERTANYAAN59,PERTANYAAN60
41,Kalau sudah diterima di IUP UGM apakah masih boleh ikut seleksi lain atau tidak?,"Jika sudah diterima di IUP UGM, masih boleh mengikuti seleksi lain.",Kalau sudah diterima di IUP UGM apakah masih boleh ikut seleksi lain atau tidak?,Apakah status diterima di IUP membatasi saya untuk ikut seleksi lain?,Boleh tidak ikut seleksi kampus lain kalau sudah lolos IUP UGM?,Apakah pendaftar yang sudah lulus IUP UGM masih bisa mendaftar jalur lain?,Bisakah saya mengikuti ujian lain jika sudah diterima di IUP UGM?,Apakah penerimaan di IUP UGM bersifat mengikat dan melarang seleksi lain?,"Saya sudah keterima di IUP UGM, apakah saya dikunci dari pendaftaran lain?",Bolehkan mendaftar seleksi mandiri lain setelah lolos IUP UGM?,Apakah keikutsertaan seleksi lain dilarang jika sudah diterima IUP UGM?,"Kalau nama saya sudah masuk daftar diterima IUP UGM, bolehkah saya ikut ujian lagi?",Apakah ada larangan mengikuti tes masuk lain bagi mahasiswa baru IUP UGM?,"Saya baru saja diumumkan lolos IUP UGM, tapi saya ingin mencoba seleksi lain. Apa saya masih diizinkan?","Andi sudah bayar UKT karena lolos IUP UGM, namun teman-temannya mengajaknya ikut ujian lain. Bolehkan Andi ikut?",Rina berhasil masuk IUP UGM dan ingin mencoba peluang di kampus lain untuk cadangan. Apakah statusnya di IUP akan bermasalah?,Budi sudah memegang Letter of Acceptance dari IUP UGM. Apakah dia masih punya hak untuk mendaftar seleksi perguruan tinggi lain?,Saya keterima di IUP UGM jalur gelombang pertama. Bisakah saya iseng mendaftar ujian mandiri di bulan berikutnya?,,,,,,,,,,,,,,,,,,,,,,,,,,,,,,,,,,,,,,,,,,,,
42,Apakah IUP termasuk ujian mandiri?,"IUP bukan bagian dari ujian mandiri, melainkan merupakan jalur seleksi tersendiri.",Apakah IUP termasuk ujian mandiri?,IUP tuh masuk ke ujian mandiri gak sih?,Apakah IUP bisa disebut sebagai ujian mandiri?,Termasuk dalam kategori jalur apa IUP itu?,Apakah seleksi IUP digabung dengan ujian mandiri?,Bedanya IUP dengan ujian mandiri itu apa dalam hal pengelompokan jalur?,Apakah IUP merupakan bagian dari seleksi mandiri universitas?,Bagaimana status jalur IUP dibandingkan dengan ujian mandiri?,Apakah pendaftaran IUP sama dengan mendaftar ujian mandiri?,Apakah jalur IUP berdiri sendiri di luar ujian mandiri?,Masuk kategori seleksi apakah program IUP itu?,Saya berencana mendaftar ujian mandiri untuk masuk program internasional. Apakah IUP termasuk dalam pilihan ujian mandiri tersebut?,Siska bingung membedakan antara ujian mandiri dan IUP saat mendaftar. Apakah dia harus menganggap keduanya sebagai jalur yang sama?,Teman saya bilang IUP itu masuk hitungan kuota ujian mandiri. Apakah informasi tersebut benar?,"Saya mencari info tentang ujian mandiri di website, tapi tidak menemukan info IUP. Apakah IUP memang jalur seleksi yang terpisah?",Bapak Anton ingin mendaftarkan anaknya ke jalur ujian mandiri reguler dan juga IUP. Apakah dia mendaftar di sistem seleksi yang disatukan?,,,,,,,,,,,,,,,,,,,,,,,,,,,,,,,,,,,,,,,,,,,,
43,Lulusan SMA luar negeri daftar IUP bagaimana?,"Untuk pendaftaran IUP, silakan kunjungi laman https://admissions.ugm.ac.id/v26/  Salah satu syaratnya adalah memiliki ijazah A Level atau setara lulusan SMA.",Lulusan SMA luar negeri daftar IUP bagaimana?,Apa syarat ijazah bagi pendaftar IUP lulusan luar negeri?,Bagaimana cara mendaftar IUP bagi lulusan SMA luar negeri?,Apa itu syarat kelulusan yang setara untuk daftar IUP?,Di mana tautan pendaftaran IUP untuk lulusan sekolah asing?,Apakah ijazah A Level bisa dipakai untuk daftar IUP?,Syarat apa yang harus dipenuhi lulusan luar negeri agar bisa mendaftar IUP?,Link apa yang harus diakses untuk mendaftar program IUP?,Apakah lulusan SMA setara bisa ikut mendaftar IUP?,Apa kualifikasi minimum sekolah untuk pendaftar IUP dari luar negeri?,Harus masuk website mana jika ingin daftar IUP?,Adik saya baru lulus dari SMA di Singapura dan ingin masuk IUP. Di mana dia harus mendaftar dan apa syarat utamanya?,Saya punya ijazah A Level dari sekolah internasional. Apakah ijazah ini diakui untuk mendaftar IUP UGM?,Keluarga kami baru pindah ke Indonesia dan anak kami lulusan setara SMA di Australia. Situs apa yang harus dibuka untuk daftar IUP?,Rendi ingin mendaftar IUP tapi bingung karena ijazahnya bukan dari sekolah nasional. Apa syarat dokumen kelulusan yang diterima IUP?,Saya lulusan sekolah menengah di luar negeri dan siap mendaftar IUP. Tautan resmi mana yang bisa saya tuju?,,,,,,,,,,,,,,,,,,,,,,,,,,,,,,,,,,,,,,,,,,,,
44,Apakah pendaftar IUP masih bisa ikut UTBK?,Pendaftar IUP masih dapat mengikuti UTBK.,Apakah pendaftar IUP masih bisa ikut UTBK?,Apakah mengikuti UTBK diperbolehkan bagi pendaftar IUP?,Boleh tidak daftar IUP dan ikut UTBK secara bersamaan?,Apakah pendaftar IUP otomatis dilarang mengikuti UTBK?,Bisakah saya ikut UTBK setelah mendaftar program IUP?,Apakah status mendaftar IUP menghilangkan hak mengikuti UTBK?,Bolehkah pendaftar program IUP mendaftar UTBK tahun ini?,Apakah ada larangan ikut UTBK bagi calon mahasiswa IUP?,"Saya calon peserta IUP, apakah masih punya kesempatan ikut UTBK?",Bisakah peserta IUP juga menjadi peserta UTBK?,Apakah UTBK terbuka untuk mereka yang sudah daftar IUP?,"Caca sudah mengirimkan berkas pendaftaran untuk IUP, tapi ia juga butuh nilai UTBK untuk jaga-jaga. Bolehkan ia tetap ikut UTBK?",Dodi khawatir akun UTBK miliknya diblokir karena ia sudah resmi mendaftar ke jalur IUP. Apakah kekhawatiran Dodi beralasan?,Saya mendaftar IUP bulan ini dan berencana ikut tes UTBK bulan depan. Apakah saya menyalahi aturan seleksi?,Guru BK menyarankan saya ikut UTBK padahal saya sudah bayar biaya daftar IUP. Apa hal ini diperbolehkan oleh pihak kampus?,Rina sedang menyiapkan dokumen IUP dan juga belajar untuk UTBK. Apakah usahanya untuk mengikuti keduanya diizinkan?,,,,,,,,,,,,,,,,,,,,,,,,,,,,,,,,,,,,,,,,,,,,
45,Apakah IUP perlu sertifikat TOEFL atau IELTS?,"Untuk IUP, ada beberapa prodi yang mensyaratkan mengunggah sertifikat TOEFL. Silakan cek di laman atau website prodi IUP tujuan.",Apakah IUP perlu sertifikat TOEFL atau IELTS?,Apakah sertifikat TOEFL wajib untuk semua program IUP?,Apakah pendaftar IUP harus mengunggah sertifikat bahasa Inggris?,Di mana saya bisa mengecek syarat sertifikat TOEFL untuk IUP?,Apakah persyaratan IELTS dan TOEFL berlaku di semua prodi IUP?,Bagaimana cara mengetahui prodi IUP mana yang meminta TOEFL?,Adakah prodi IUP yang meminta unggah sertifikat TOEFL?,Apakah mengecek laman prodi diperlukan untuk tahu syarat bahasa Inggris?,Apakah semua program studi IUP mewajibkan bukti tes TOEFL?,Ke mana saya harus mencari info kewajiban TOEFL di IUP?,Apakah syarat sertifikat TOEFL di IUP bergantung pada prodinya?,Saya ingin mendaftar IUP tapi belum punya skor TOEFL. Langkah pertama apa yang harus saya lakukan untuk tahu apakah saya butuh tes tersebut?,Bimo mendaftar IUP di dua prodi berbeda dan bingung apakah keduanya butuh TOEFL. Di mana Bimo harus mencari kepastian syarat tersebut?,"Lisa mendapat info kalau masuk IUP pasti diminta TOEFL, padahal dia belum pernah tes. Apakah informasi yang didapat Lisa sepenuhnya benar?",Saya sedang menyiapkan berkas untuk IUP Ilmu Komunikasi. Apakah saya harus langsung mengunggah TOEFL atau perlu mengecek hal lain dulu?,Andi tidak mau keluar uang untuk tes TOEFL kecuali benar-benar wajib untuk prodi IUP tujuannya. Cara apa yang paling tepat untuk Andi memastikan hal itu?,,,,,,,,,,,,,,,,,,,,,,,,,,,,,,,,,,,,,,,,,,,,
46,Apa saja syarat pendaftaran IUP?,"Untuk mengetahui persyaratan pendaftaran IUP, silakan kunjungi laman https://admissions.ugm.ac.id/v26/ dan website prodi tujuan.",Apa saja syarat pendaftaran IUP?,Apa yang dimaksud dengan syarat pendaftaran IUP dan di mana saya bisa melihatnya?,Di mana saya bisa menemukan informasi lengkap mengenai syarat pendaftaran IUP?,Website apa yang harus dikunjungi untuk mengecek persyaratan masuk program IUP?,Apakah ada tautan resmi yang memuat syarat pendaftaran IUP?,Ke mana saya harus mencari informasi mengenai syarat pendaftaran IUP untuk prodi tujuan saya?,Bagaimana cara mengetahui dokumen persyaratan yang dibutuhkan untuk mendaftar IUP?,Laman resmi apa yang menyediakan informasi persyaratan IUP secara lengkap?,Tolong berikan alamat website untuk mengecek syarat pendaftaran program IUP.,"Selain website prodi tujuan, di laman mana lagi syarat pendaftaran IUP bisa dibaca?",Di mana saya bisa mencari tahu ketentuan dan syarat untuk mendaftar program IUP?,Anak saya ingin mendaftar program IUP tapi kami belum tahu apa saja dokumen yang dibutuhkan. Di mana kami bisa melihat daftar lengkap syarat pendaftarannya?,Saya sedang bersiap untuk masuk IUP tahun depan. Ke mana saya harus mencari informasi resmi mengenai syarat-syarat yang harus dipenuhi?,Sekolah meminta bukti persyaratan pendaftaran IUP untuk keperluan legalisir rapor. Website mana yang harus saya buka untuk mengecek detail syarat tersebut?,Saya kesulitan mencari detail syarat masuk IUP prodi Biologi. Apakah ada laman khusus yang harus saya kunjungi selain web jurusan?,Teman saya bilang syarat setiap prodi IUP bisa berbeda-beda. Ke mana saya harus memastikannya agar tidak salah siapkan berkas?,,,,,,,,,,,,,,,,,,,,,,,,,,,,,,,,,,,,,,,,,,,,
47,"Jika diterima IUP gel 1, masih bisa ikut SNBT?","Jika mendaftar IUP gel 1, tetap bisa mengikuti SNBT. Namun, jika sudah diterima dan melakukan registrasi di IUP UGM, sebaiknya tidak melanjutkan SNBT (jika memilih UGM), karena hanya bisa diterima melalui 1 jalur. Jika tidak diterima IUP, silakan melanjutkan proses SNBT.","Jika diterima IUP gel 1, masih bisa ikut SNBT?",Apa ketentuan utama mengenai keikutsertaan SNBT bagi pendaftar IUP gelombang 1?,Apakah saya masih diperbolehkan mengikuti ujian SNBT jika sudah mendaftar IUP gelombang 1?,Bagaimana status SNBT saya apabila saya sudah diterima dan melakukan registrasi di IUP UGM?,Bolehkah saya melanjutkan proses SNBT jika saya gagal masuk IUP?,Apa alasan utama saya tidak disarankan lanjut mengikuti SNBT UGM jika sudah registrasi di IUP?,Apakah memungkinkan untuk diterima di UGM melalui dua jalur seleksi yang berbeda secara bersamaan?,Langkah apa yang harus saya ambil terkait SNBT jika ternyata saya tidak lolos seleksi IUP?,"Kalau sudah melakukan daftar ulang di IUP UGM, apakah proses pendaftaran SNBT sebaiknya dihentikan?",Apakah mendaftar di program IUP gelombang 1 secara otomatis membatalkan hak saya untuk ikut SNBT?,Bagaimana prosedur bagi calon mahasiswa yang sudah diterima IUP UGM tapi masih ingin mencoba SNBT di UGM?,Saya baru saja lolos dan melakukan registrasi di program IUP UGM gelombang 1. Apakah saya masih boleh ikut ujian SNBT untuk memilih jurusan lain di UGM?,Kemarin saya mendaftar IUP gelombang 1 tapi ternyata tidak diterima. Apakah saya masih punya kesempatan untuk ikut SNBT?,Adik saya ingin mendaftar SNBT padahal dia sudah registrasi ulang sebagai mahasiswa IUP UGM. Apa dampaknya jika dia tetap melanjutkan SNBT di kampus yang sama?,Saya sudah bayar dan registrasi IUP UGM. Bolehkah saya ikut SNBT lagi agar dapat prodi UGM yang lebih saya inginkan?,Teman saya ikut seleksi IUP gelombang 1 dan sedang menunggu pengumuman. Apakah selama proses ini dia boleh tetap mendaftar SNBT?,,,,,,,,,,,,,,,,,,,,,,,,,,,,,,,,,,,,,,,,,,,,
48,Bagaimana jika admin prodi belum punya akun BO Student?,"Jika admin prodi belum memiliki akun BO Student, silakan hubungi Koordinator Fakultas agar dapat disampaikan ke DPP untuk pembuatan akun BO Student.",Bagaimana jika admin prodi belum punya akun BO Student?,Apa langkah pertama yang harus dilakukan jika admin prodi belum memiliki akun BO Student?,Siapa yang harus segera dihubungi apabila admin program studi belum memiliki akses akun BO Student?,Bagaimana prosedur pengajuan pembuatan akun BO Student bagi admin prodi yang belum punya?,Ke mana admin prodi harus melapor untuk bisa mendapatkan akun BO Student?,Siapa pihak yang memiliki kewenangan menyampaikan permohonan pembuatan akun BO Student ke DPP?,Apa yang harus dilakukan agar pihak DPP bisa membuatkan akun BO Student untuk admin prodi?,Lembaga atau bagian mana yang bertugas membuat akun BO Student untuk admin prodi?,"Kalau admin prodi tidak bisa mengakses sistem karena belum punya akun BO Student, siapa yang bisa menjembatani masalah ini?",Apakah ada peran Koordinator Fakultas dalam proses pembuatan akun BO Student untuk admin prodi?,Tolong jelaskan alur pelaporan pembuatan akun BO Student untuk admin prodi yang belum terdaftar.,Saya staf baru di prodi dan harus mengakses sistem tapi belum punya akun BO Student. Siapa pihak pertama yang harus saya hubungi?,Beberapa admin di jurusan kami kesulitan masuk ke sistem karena tidak ada akun BO Student. Ke mana kami harus melapor agar akunnya segera dibuatkan?,Saya ditugaskan mengelola data mahasiswa prodi tapi belum diberikan akses BO Student. Ke mana saya harus mengarahkan permohonan ini agar diteruskan ke DPP?,Koordinator Fakultas kami menerima laporan bahwa admin prodi belum bisa login BO Student. Apa langkah selanjutnya yang harus dilakukan oleh Koordinator Fakultas?,Prodi kami baru saja merekrut admin baru dan butuh akses BO Student secepatnya. Bagaimana prosedur yang benar untuk pembuatan akun tersebut?,,,,,,,,,,,,,,,,,,,,,,,,,,,,,,,,,,,,,,,,,,,,
49,Tidak bisa akses BO Student karena lupa password,"Jika lupa password BO Student, silakan buka laman https://simaster.ugm.ac.id/ftpass dan ikuti tahapannya, karena akses BO Student dengan sistem SSO.",Tidak bisa akses BO Student karena lupa password,Apa prosedur resmi yang harus dilakukan jika lupa password untuk mengakses BO Student?,Sistem keamanan masuk apa yang digunakan oleh BO Student?,Ke halaman website mana saya harus pergi untuk mengatasi lupa password BO Student?,Mengapa penanganan masalah lupa sandi BO Student harus melalui tautan Simaster?,"Saya lupa kata sandi BO Student saya, bagaimana tahapan untuk memulihkannya?",Tautan apa yang secara spesifik digunakan untuk mereset password BO Student?,Bagaimana langkah pemulihan jika saya sama sekali tidak bisa masuk BO Student akibat lupa sandi?,Apakah ada sistem khusus seperti SSO yang mengatur login BO Student?,"Saya tidak bisa login karena lupa password BO Student, tolong pandu saya.",Apa solusi langsung yang bisa diambil saat kehilangan akses password ke BO Student?,Apa langkah resmi untuk memulihkan akses BO Student jika sandi tidak diingat lagi?,"Budi panik tidak bisa login BO Student karena lupa password, gimana sih ini cara mengurusnya?","Roni mau akses sistem SSO BO Student tapi lupa sandinya, tolong bantu kasih tahu link buat atur ulang.","Siska terhambat masuk akun karena sandi lama hilang dari ingatan, bagaimana solusinya supaya bisa aktif lagi?","Tono bingung tahap-tahap reset password SSO itu di mana, tolong kasih tahu alamat web dan prosedurnya dong.",,,,,,,,,,,,,,,,,,,,,,,,,,,,,,,,,,,,,,,,,,,,
50,"Gagal login BO Student, harus bagaimana?","Jika mengalami gagal login BO Student, silakan perhatikan: 
 1. Jika muncul pesan “captcha salah”, isi sesuai angka pada captcha 
 2. Jika muncul “username atau password salah”, gunakan data yang benar atau lakukan reset password","Gagal login BO Student, harus bagaimana?",Apa saja penyebab yang paling sering membuat pengguna gagal login ke BO Student?,Apa arti dari peringatan captcha salah saat mencoba login?,Bagaimana cara mengatasi pesan kesalahan captcha pada saat masuk ke BO Student?,Langkah apa yang harus diambil jika muncul peringatan username atau password salah?,"Saya terus gagal login BO Student dan mendapat notifikasi captcha salah, bagaimana cara mengisinya?",Apa tindakan yang bisa dilakukan jika kita terus mendapat pesan password salah selain mengecek ulang data?,Hal-hal utama apa saja yang perlu diperiksa saat mengalami kegagalan masuk ke sistem BO Student?,"Saya selalu gagal login BO Student dan dibilang username salah, apa solusinya?","Jika saya memilih untuk tidak menggunakan opsi reset, bagaimana cara mengatasi username atau password salah?",Bagaimana prosedur pengisian captcha yang tepat agar tidak gagal login di BO Student?,Apa tindakan yang diperlukan saat gagal masuk ke layanan BO Student?,"Andi input kode tapi muncul tulisan captcha salah terus, gimana sih ini caranya biar benar?","Siti dibilang username atau password salah saat mau login, tolong bantu apa yang harus dia perbuat sekarang.","Budi gagal masuk karena sistem menolak datanya, bagaimana cara mengatasi masalah login ini?","Rina tidak bisa login karena captcha tidak sesuai, bagaimana solusinya supaya bisa sukses masuk sistem?",,,,,,,,,,,,,,,,,,,,,,,,,,,,,,,,,,,,,,,,,,,,
51,"Rumpun atau prodi belum sesuai, harus bagaimana?","Jika rumpun atau prodi belum sesuai, silakan hubungi Koordinator Fakultas agar dapat disampaikan ke DPP untuk penyesuaian.","Rumpun atau prodi belum sesuai, harus bagaimana?",Apa yang dimaksud dengan prosedur penyesuaian jika rumpun atau prodi belum sesuai?,Siapa pihak pertama yang berwenang untuk dihubungi terkait ketidaksesuaian prodi?,Apa fungsi dari Koordinator Fakultas dalam menangani masalah rumpun yang tidak sesuai?,Ke pihak mana Koordinator Fakultas akan meneruskan laporan permohonan penyesuaian prodi?,"Saya melihat data prodi saya tidak cocok di sistem, ke mana saya harus melapor?",Pihak mana yang pada akhirnya berhak mengeksekusi penyesuaian rumpun atau prodi?,Bagaimana alur pelaporan yang benar untuk memperbaiki data rumpun mahasiswa yang salah?,Tolong arahkan saya karena prodi di sistem tidak sesuai dengan data asli saya.,Apakah mahasiswa harus melaporkan masalah rumpun yang belum sesuai ke DPP secara langsung?,Mengapa penting untuk menghubungi Koordinator Fakultas saat ada kendala prodi yang belum sesuai?,Siapa pihak yang harus dihubungi jika data program studi pada akun tidak tepat?,"Iwan melihat rumpun di profilnya tidak sesuai dengan aslinya, gimana sih ini cara memperbaikinya?","Maya ingin data prodinya disesuaikan oleh DPP karena salah input, tolong bantu langkah lapornya ke siapa.","Roni merasa prodi yang tertera belum sinkron, bagaimana solusinya agar Koordinator Fakultas bisa memproses ini?","Siska mau minta penyesuaian data rumpun ke DPP, siapa yang harus dia hubungi terlebih dahulu?",,,,,,,,,,,,,,,,,,,,,,,,,,,,,,,,,,,,,,,,,,,,
52,Kapan waktu pelaporan PDDikti?,"Periode pelaporan PDDikti adalah: 
 1. Pelaporan Semester Gasal: sampai bulan April 
 2. Pelaporan Semester : sampai bulan Oktober",Kapan waktu pelaporan PDDikti?,Apa saja batas waktu untuk periode pelaporan PDDikti?,Sampai bulan apa pelaporan PDDikti semester gasal harus diselesaikan?,Bulan apa yang menjadi batas akhir pelaporan PDDikti semester gasal?,Kapan batas waktu pelaporan PDDikti untuk semester selain gasal?,Apakah pelaporan semester gasal ditutup pada bulan April?,Kapan saya paling lambat harus melaporkan PDDikti untuk semester gasal?,Bulan apa periode pelaporan semester lainnya berakhir?,Apa yang menjadi tenggat waktu pelaporan PDDikti semester gasal?,Kapan periode pelaporan PDDikti mencapai batas akhir untuk semester biasa?,Apakah saya bisa melakukan pelaporan semester gasal setelah bulan April?,"Andi baru mau lapor data PDDikti Semester Gasal di bulan Mei dan ternyata sistem sudah tidak bisa, sebenarnya batas laporannya sampai bulan apa sih?","Budi bingung kapan batas akhir pelaporan PDDikti untuk semester ini, apakah benar sampai bulan Oktober, tolong dibantu informasinya.","Siti sedang merekap data semester gasal dan ingin tahu kapan waktu maksimal pelaporan PDDikti sebelum ditutup, gimana ini solusinya?","Roni sebagai admin baru ingin memastikan periode pelaporan semester gasal itu sampai April atau bukan, tolong bantu dong?","Doni khawatir laporannya terlambat karena sekarang sudah masuk bulan April, sebenarnya kapan batas pelaporan untuk semester gasal, bantuin dong.",,,,,,,,,,,,,,,,,,,,,,,,,,,,,,,,,,,,,,,,,,,,
53,Tahapan apa saja untuk pelaporan PDDikti?,"Untuk pelaporan PDDikti, langkah-langkahnya adalah: 
1. Setting KRS oleh Admin Prodi
2. KRS mahasiswa melalui SIMASTER
3. Pelaporan PDDikti di BO Student oleh masing-masing Prodi malai 2 bulan perkuliahan dimulai sampai periode pelaporan ditutup",Tahapan apa saja untuk pelaporan PDDikti?,Apa saja urutan tahapan yang wajib dilakukan dalam pelaporan PDDikti?,Apa langkah pertama yang harus dikerjakan dalam proses pelaporan PDDikti?,Siapa pihak yang memiliki tugas untuk melakukan setting KRS?,Di aplikasi apa mahasiswa diwajibkan untuk mengisi KRS?,Di mana masing-masing Prodi harus melakukan pelaporan PDDikti?,Kapan waktu dimulainya pelaporan PDDikti di BO Student oleh Prodi?,Siapa yang harus turun tangan di tahap paling awal pelaporan PDDikti?,Bagaimana cara mahasiswa berpartisipasi dalam tahapan pelaporan ini?,Sampai kapan Prodi diizinkan melaporkan PDDikti di BO Student?,Apa kewajiban Prodi setelah mahasiswa selesai KRS di SIMASTER?,"Andi sudah login SIMASTER tapi mahasiswa tidak bisa KRS karena admin belum setting, sebenarnya urutan pelaporan PDDikti itu bagaimana sih?","Budi bingung kenapa tidak bisa lapor di BO Student padahal baru satu bulan perkuliahan, apa benar harus tunggu 2 bulan dulu, tolong bantu alurnya.","Siti sudah selesai setting KRS di tingkat prodi, lalu langkah selanjutnya yang harus dilakukan mahasiswa di SIMASTER itu apa ya, bantuin dong.","Roni mau lapor PDDikti tapi bingung tahapannya dimulai dari setting KRS admin atau langsung ke BO Student, gimana sih ini?","Doni sebagai staf admin prodi harus lapor PDDikti, tolong jelasin dong langkah-langkah mulai dari setting KRS sampai ke BO Student.",,,,,,,,,,,,,,,,,,,,,,,,,,,,,,,,,,,,,,,,,,,,
54,Apakah pelaporan PDDikti harus berurutan?,"Untuk pelaporan PDDikti, sebaiknya dilakukan secara berurutan karena jika tidak, checkbox tidak akan aktif.",Apakah pelaporan PDDikti harus berurutan?,Apa prinsip dasar mengenai urutan pengerjaan pelaporan PDDikti?,Mengapa proses pelaporan PDDikti sangat disarankan untuk dilakukan secara berurutan?,Apa akibat teknis jika pelaporan PDDikti dikerjakan tidak sesuai urutan?,Apa yang terjadi pada sistem jika saya melompati tahapan pelaporan PDDikti?,Mengapa checkbox di formulir pelaporan PDDikti saya tidak aktif?,Bagaimana cara memastikan agar checkbox aktif selama pelaporan PDDikti?,Apakah saya diperbolehkan mengerjakan pelaporan PDDikti secara acak?,Apa penyebab utama sistem mematikan fungsi checkbox saat pelaporan?,Kenapa sistem mewajibkan langkah pelaporan dilakukan secara sekuensial?,Apa langkah perbaikan jika checkbox tidak mau dicentang saat lapor PDDikti?,"Andi mencoba lapor PDDikti tanpa mengikuti urutan tapi checkbox di sistem malah tidak aktif, ini gimana ya solusinya?","Budi heran kenapa checkbox pelaporannya tidak mau diklik sama sekali, apakah karena pengisiannya tidak berurutan, tolong bantu dong.","Siti ingin langsung lapor ke BO Student tanpa setting KRS terlebih dahulu namun menunya tidak aktif, apa memang harus urut langkahnya?","Roni panik karena checkbox di sistem PDDikti tidak muncul saat mau lapor, ini harus urut ya pengerjaannya, tolong solusinya.","Doni merasa sudah mengisi data tapi tidak berurutan sehingga checkbox tidak aktif, bagaiamana ini biar bisa lanjut laporannya?",,,,,,,,,,,,,,,,,,,,,,,,,,,,,,,,,,,,,,,,,,,,
55,Jika pelaporan PDDikti tidak berurutan bagaimana?,"Jika pelaporan PDDikti tidak dilakukan secara berurutan, maka tidak dapat diproses karena checkbox tidak akan aktif.",Jika pelaporan PDDikti tidak berurutan bagaimana?,Apa akibatnya jika pelaporan PDDikti tidak dilakukan secara berurutan?,Mengapa pelaporan PDDikti tidak bisa diproses jika urutannya acak?,Apa yang terjadi pada checkbox jika pelaporan PDDikti tidak urut?,Apakah pelaporan PDDikti bisa dilanjutkan jika saya melompat ke tahapan berikutnya?,Bagaimana status checkbox saat pelaporan PDDikti dilakukan tanpa mengikuti urutan yang benar?,Saya mencoba memproses pelaporan PDDikti secara acak tapi tidak bisa. Kenapa hal ini terjadi?,Apa penyebab utama proses pelaporan PDDikti berhenti atau tidak dapat diproses?,Bolehkah saya melakukan pelaporan PDDikti tanpa mengikuti urutan yang ada?,Kenapa checkbox pelaporan PDDikti saya tidak aktif?,Apa syarat agar checkbox pada pelaporan PDDikti bisa aktif dan diproses?,Apa yang sebenarnya terjadi kalau Andi tidak melakukan pelaporan PDDikti secara berurutan? Gimana ini solusinya?,"Budi ingin memproses laporan PDDikti tapi meloncat tahapannya dan ternyata tidak bisa diproses, kenapa checkbox-nya tidak aktif ya? Bantuin dong.","Susi bingung karena sistem tidak bisa berjalan saat pelaporan PDDikti tidak urut, apa penyebab utama checkbox tidak aktif? Tolong bantu jelasin.",Roni mendapati checkbox tidak menyala saat mau lapor PDDikti karena dia tidak mengikuti urutan input. Bagaimana ini supaya bisa diproses?,"Pelaporan PDDikti milik Joko tersendat karena dia tidak mengikuti urutan, apakah benar checkbox tidak akan aktif jika begini? Gimana nih.",,,,,,,,,,,,,,,,,,,,,,,,,,,,,,,,,,,,,,,,,,,,
56,Jika tahapan biodata gagal bagaimana?,"Jika terdapat kendala pada tahap biodata, silakan perhatikan: 
 1. Jika sudah hijau atau ID mahasiswa terisi, dapat diabaikan 
 2. Jika hijau namun masih ada kolom orange, dapat diabaikan dan ajukan update data di http://ugm.id/PDMdikti 
 3. Jika berwarna merah atau ID masih kosong, lakukan pengecekan dan isi di Google Sheet yang dibagikan DPP 
 4. Field NISN, NIK, dan handphone akan diupdate oleh DPP 
 5. Jika ada error lain, isi pada Google Sheet (sheet Biodata)",Jika tahapan biodata gagal bagaimana?,Apa yang harus dilakukan jika terjadi kendala pada tahapan biodata?,Bagaimana langkah penyelesaian jika status biodata berwarna merah atau ID masih kosong?,Apa tindakan yang perlu diambil jika tahap biodata sudah hijau tapi ada kolom yang orange?,"Siapa yang bertugas untuk mengupdate field NISN, NIK, dan nomor handphone pada tahap biodata?",Di mana saya harus mengajukan update data jika status sudah hijau namun masih terdapat kolom orange?,"Jika tahap biodata sudah berwarna hijau dan ID mahasiswa terisi, apa yang harus saya lakukan?",Ke mana saya harus melaporkan error lain yang tidak teridentifikasi pada tahapan biodata?,"Jika ID mahasiswa masih kosong saat pengisian biodata, dokumen apa yang harus saya isi?",Saya menemukan error pada tahap biodata di luar ketentuan warna. Di sheet mana saya harus melapor?,Apakah saya perlu memperbaiki data jika tahap biodata sudah berwarna hijau sepenuhnya?,Apa langkah yang harus diambil Siti kalau tahap biodatanya gagal dan indikatornya berwarna merah atau ID kosong? Tolong bantu caranya.,"ID mahasiswa milik Agus sudah terisi dan warnanya sudah hijau, tapi dia takut ada kendala di tahap biodata. Gimana ini, apa boleh diabaikan saja?","Biodata Linda sudah hijau tapi masih ada kolom warna orange, dia harus ajukan update data ke link mana sih? Mohon bantuannya.","Field NIK dan handphone milik Dodi belum terupdate di tahap biodata, apa benar ini akan diupdate otomatis oleh DPP? Bagaimana solusinya?","Eko menemukan error lain yang tidak biasa di tahap biodata, dia harus mengisi laporannya di Google Sheet bagian mana? Bantuin dong.",,,,,,,,,,,,,,,,,,,,,,,,,,,,,,,,,,,,,,,,,,,,
57,"Jika tahapan Mahasiswa gagal, harus bagaimana?","Jika terjadi kendala pada tahapan Mahasiswa, silakan perhatikan: 
 1. Jika sudah hijau atau ID Registrasi mahasiswa sudah terisi, maka abaikan saja 
 2. Jika berwarna merah atau ID Registrasi masih kosong, lakukan pengecekan dan tuliskan di sheet Mahasiswa dengan keterangan error 
 3. Untuk ID Pembayaran akan diupdate terlebih dahulu, selain itu mohon diisi di sheet Mahasiswa","Jika tahapan Mahasiswa gagal, harus bagaimana?",Apa langkah penanganan jika terjadi kendala pada tahapan Mahasiswa?,Apa yang harus dilakukan jika ID Registrasi mahasiswa sudah terisi atau indikator berwarna hijau?,Bagaimana solusi jika status pada tahapan Mahasiswa berwarna merah atau ID Registrasi masih kosong?,Di mana saya harus menuliskan keterangan error jika ID Registrasi kosong?,Bagaimana ketentuan proses update terkait ID Pembayaran pada tahapan Mahasiswa?,Bagaimana penanganan untuk kendala di luar urusan ID Pembayaran pada tahap Mahasiswa?,Saya mengalami error berwarna merah pada tahap Mahasiswa. Apa yang perlu saya laporkan?,Haruskah saya melakukan tindakan khusus jika indikator tahap Mahasiswa sudah berwarna hijau?,Ke mana saya harus melaporkan kendala ID Registrasi kosong pada tahapan Mahasiswa?,Apa tanda bahwa tahapan Mahasiswa sudah berhasil dan bisa diabaikan tanpa perlu perbaikan?,Apa yang harus dilakukan Roni jika tahapan Mahasiswa miliknya gagal dan ID Registrasinya masih kosong? Gimana ini solusinya?,"Status tahapan Mahasiswa milik Ani sudah hijau dan ID Registrasi sudah ada, apakah kendala ini bisa diabaikan saja? Tolong bantu penjelasannya.","Budi melihat warna merah di tahap Mahasiswa dan ID Registrasi kosong, dia harus menuliskan keterangan error di sheet mana ya? Bagaimana ini?","ID Pembayaran milik Iwan belum muncul di tahapan Mahasiswa, apakah bagian ini akan diupdate terlebih dahulu oleh sistem? Bantuin dong.","Maya bingung karena ID Registrasi mahasiswa belum terisi, selain ID Pembayaran data apa lagi yang harus diisi di sheet Mahasiswa? Tolong bantu ya.",,,,,,,,,,,,,,,,,,,,,,,,,,,,,,,,,,,,,,,,,,,,
58,"Jika tahapan Mata Kuliah gagal, harus bagaimana?","Jika terjadi kendala pada tahapan Mata Kuliah, silakan perhatikan: 
 1. Jika error “sudah ada”, maka dapat diabaikan 
 2. Jika error terkait data mata kuliah (kurikulum, SKS, dll), mohon diisi di sheet Mata Kuliah","Jika tahapan Mata Kuliah gagal, harus bagaimana?",Apa yang harus dilakukan jika terjadi kendala pada tahapan Mata Kuliah?,Bagaimana solusi dasar untuk mengatasi error saat proses tahapan Mata Kuliah?,Apa arti pesan error sudah ada pada tahapan Mata Kuliah?,Apakah pesan error sudah ada pada tahapan Mata Kuliah perlu ditindaklanjuti?,Tindakan apa yang harus diambil jika muncul error sudah ada?,Ke mana harus melaporkan jika ada error terkait data kurikulum mata kuliah?,Di mana saya harus mengisi data jika terdapat masalah pada SKS mata kuliah?,Informasi apa saja yang harus diisi di sheet Mata Kuliah?,Bagaimana cara mengatasi error terkait data mata kuliah seperti SKS dan kurikulum?,Apakah masalah pada data kurikulum mata kuliah harus dicatat di sheet tertentu?,"Andi mencoba memproses data tapi muncul pesan error bertuliskan sudah ada pada tahapan Mata Kuliah. Gmn sih ini, apa yang harus Andi lakukan?","Budi menemukan kendala terkait data kurikulum dan SKS yang salah saat input mata kuliah. Tolong bantu, di sheet mana Budi harus mengisi perbaikannya?",Roni bingung karena sistem menolak input dengan notifikasi data sudah ada. Bagaimana solusinya agar Roni bisa melanjutkan ke tahap berikutnya?,Siti melihat ada kesalahan pada isian SKS di bagian mata kuliah dan prosesnya gagal. Apa yang harus dilakukan Siti supaya data tersebut benar?,"Dedi mengalami error saat sinkronisasi mata kuliah karena masalah data kurikulum yang tidak valid. Bantuin dong, langkah apa yang harus diambil?",,,,,,,,,,,,,,,,,,,,,,,,,,,,,,,,,,,,,,,,,,,,
59,Bagaimana jika klik pada tahapan chekpoint1 ada pesan error Data sks semester tidak sesuai dengan jumlah sks KRS yang di tempuh mahasiswa?,"Jika terjadi kendala pada tahapan chekpoint1, silakan cek data di BO Student menu Evaluasi Studi - Forlap1, silahkan lakukan pelaporan mata kuliah yang belum ada, jika ada yang belum sesuai silakan hubungi Tim IT DPP.",Bagaimana jika klik pada tahapan chekpoint1 ada pesan error Data sks semester tidak sesuai dengan jumlah sks KRS yang di tempuh mahasiswa?,Apa yang harus dilakukan saat terjadi kendala pada tahapan chekpoint1?,Ke mana saya harus mengecek data jika ada error sks semester tidak sesuai dengan KRS?,Menu apa yang harus dibuka di BO Student saat tahapan chekpoint1 bermasalah?,Bagaimana cara mengatasi pesan error Data SKS semester tidak sesuai dengan jumlah SKS KRS mahasiswa?,Apa tindakan selanjutnya setelah mengecek menu Evaluasi Studi Forlap1?,Bagaimana cara menangani mata kuliah yang belum ada pada tahapan chekpoint1?,Siapa yang harus dihubungi jika data pada tahapan chekpoint1 masih belum sesuai?,Apakah saya harus menghubungi Tim IT DPP jika ada ketidaksesuaian data SKS semester?,Di mana lokasi menu untuk mengecek kesesuaian data tahapan chekpoint1?,Langkah apa yang dilakukan untuk pelaporan mata kuliah yang belum ada di sistem?,"Andi menekan tombol checkpoint1 tapi muncul peringatan jumlah SKS semester tidak sesuai dengan KRS. Gmn sih ini, menu apa yang harus Andi cek di BO Student?","Budi melihat ada mata kuliah yang hilang di menu Evaluasi Studi - Forlap1 saat terjadi error checkpoint1. Tolong bantu, Budi harus melapor ke mana?",Roni mendapati data SKS mahasiswa tidak sinkron dengan KRS saat masuk tahap checkpoint1. Bagaimana solusinya jika data masih tetap tidak sesuai?,Siti ingin memperbaiki error SKS di checkpoint1 dan sudah masuk ke menu Evaluasi Studi. Apa yang harus dilakukan Siti jika ingin melaporkan mata kuliah yang belum ada?,"Dedi gagal melewati checkpoint1 karena masalah ketidaksesuaian SKS dan butuh bantuan teknis segera. Bantuin dong, tim mana yang harus Dedi hubungi?",,,,,,,,,,,,,,,,,,,,,,,,,,,,,,,,,,,,,,,,,,,,
60,"Jika tahapan Kelas Kuliah gagal, harus bagaimana?","Jika terjadi kendala pada tahapan Kelas Kuliah, silakan perhatikan: 
 1. Jika tidak ada centang, pastikan ID Matkul sudah terisi dari proses sebelumnya 
 2. Jika proses mata kuliah masih error, lanjutkan ke data yang dapat diproses 
 3. Untuk ID Matkul kosong akan diupdate terlebih dahulu, sedangkan error beda SKS mohon diisi di sheet Kelas Kuliah","Jika tahapan Kelas Kuliah gagal, harus bagaimana?",Apa yang harus diperhatikan jika terjadi kendala pada tahapan Kelas Kuliah?,Apa penyebab tidak ada centang pada proses tahapan Kelas Kuliah?,Hal apa yang harus dipastikan jika tahapan Kelas Kuliah tidak mencentang?,Apa yang harus dilakukan jika proses mata kuliah masih mengalami error?,Apakah data yang tidak error boleh diproses berlanjut jika proses mata kuliah masih bermasalah?,Bagaimana penanganan untuk ID Matkul yang kosong pada tahapan Kelas Kuliah?,Apa yang akan terjadi pada sistem untuk ID Matkul yang masih kosong?,Di mana saya harus mengisi data jika terjadi error beda SKS pada tahapan Kelas Kuliah?,Apa solusi untuk mengatasi pesan error beda SKS saat proses kelas kuliah?,Ke mana laporan error beda SKS pada tahapan Kelas Kuliah harus dimasukkan?,"Andi melihat tidak ada tanda centang pada tahapan Kelas Kuliah padahal sudah diproses. Gmn sih ini, bagian ID Matkul mana yang harus Andi pastikan?","Budi mengalami error perbedaan SKS pada data kelas kuliah yang sedang dikerjakan. Tolong bantu, di sheet mana Budi harus menginput data yang benar?",Roni menemukan ID Matkul miliknya masih kosong saat masuk ke tahap Kelas Kuliah. Apa yang harus dilakukan Roni agar ID tersebut bisa terupdate?,Siti mendapati proses mata kuliahnya masih error tapi ingin lanjut mengerjakan data lain yang bisa diproses. Bagaimana solusinya biar tetap jalan?,"Dedi gagal di tahap kelas kuliah karena masalah ID Matkul yang tidak muncul otomatis dari proses sebelumnya. Bantuin dong, apa yang harus dipastikan Dedi?",,,,,,,,,,,,,,,,,,,,,,,,,,,,,,,,,,,,,,,,,,,,
61,"Jika tahapan Peserta Kelas Kuliah gagal, harus bagaimana?",Menu ini digunakan untuk unggah KRS mahasiswa dan merupakan aliran data dari proses sebelumnya.,"Jika tahapan Peserta Kelas Kuliah gagal, harus bagaimana?",Apa fungsi utama dari menu Peserta Kelas Kuliah?,Menu apa yang digunakan untuk mengunggah KRS mahasiswa?,Dari mana asal aliran data untuk menu Peserta Kelas Kuliah?,Apa yang harus diunggah pada menu Peserta Kelas Kuliah?,Proses apa yang mendahului tahapan unggah KRS mahasiswa?,Apakah aliran data pada menu Peserta Kelas Kuliah berasal dari proses sebelumnya?,Di mana saya bisa melakukan unggah KRS mahasiswa?,Apa kaitan menu Peserta Kelas Kuliah dengan proses sebelumnya?,Apa kegunaan dari menu tahapan Peserta Kelas Kuliah?,Data apa yang dialirkan ke dalam menu Peserta Kelas Kuliah?,Andi mau tanya sebenarnya menu Peserta Kelas Kuliah itu fungsinya buat apa ya?,"Budi lagi mau unggah KRS mahasiswa tapi tahapannya malah gagal, kira-kira harus gimana ya?","Citra sudah selesai di proses sebelumnya, tapi pas masuk ke Peserta Kelas Kuliah datanya tidak mengalir. Bagaimana solusinya ini?",Dedi bingung kenapa unggah KRS mahasiswa jadi macet padahal ini aliran data dari tahap sebelumnya. Bantuin dong harus gimana?,Euis ingin memastikan apakah menu Peserta Kelas Kuliah ini memang khusus buat upload KRS saja? Tolong bantu konfirmasinya.,,,,,,,,,,,,,,,,,,,,,,,,,,,,,,,,,,,,,,,,,,,,
62,"Jika tahapan Substansi Kuliah gagal, harus bagaimana?","Untuk tahapan Substansi Kuliah, diupayakan semua data dapat masuk. Jika terdapat error atau keterangan “sudah ada”, maka dapat diabaikan.","Jika tahapan Substansi Kuliah gagal, harus bagaimana?",Apa yang menjadi target utama pada tahapan Substansi Kuliah?,Apa yang harus dilakukan jika muncul keterangan sudah ada pada tahapan Substansi Kuliah?,Bagaimana jika terdapat error saat memasukkan data di tahapan Substansi Kuliah?,Apakah peringatan error pada tahapan Substansi Kuliah bisa diabaikan?,Apa instruksi khusus terkait data pada tahapan Substansi Kuliah?,Tindakan apa yang perlu diambil jika sistem menampilkan pesan sudah ada?,Apakah semua data diupayakan masuk pada tahapan Substansi Kuliah?,Apa yang harus dipastikan saat mengunggah data di tahapan Substansi Kuliah?,Bolehkah mengabaikan error yang muncul di tahapan Substansi Kuliah?,Pesan apa saja yang bisa diabaikan pada tahapan Substansi Kuliah?,Fery mau tahu prinsip dasar penginputan data di tahapan Substansi Kuliah itu seperti apa sih?,"Gita melihat ada keterangan 'sudah ada' pas lagi input Substansi Kuliah, ini harus dihapus atau diabaikan saja?",Heri mengalami error saat proses Substansi Kuliah berlangsung. Apa yang harus dilakukan supaya semua data tetap bisa masuk?,Iwan mendapati notifikasi error 'sudah ada' yang muncul terus-menerus. Bagaimana cara mengatasi masalah ini?,"Joni mau memastikan, kalau ada kendala 'sudah ada' di Substansi Kuliah, beneran boleh diabaikan saja ya? Tolong bantu jawab.",,,,,,,,,,,,,,,,,,,,,,,,,,,,,,,,,,,,,,,,,,,,
63,"Jika tahapan Dosen Mengajar gagal, harus bagaimana?","Jika terjadi kendala pada tahapan Dosen Mengajar, silakan perhatikan: 
 1. Jika tidak ada centang karena belum ada NIDN, pensiun, atau non aktif, maka abaikan 
 2. Jika tidak ada centang karena ID Kelas kosong, kembali ke proses sebelumnya 
 3. Jika tidak ada centang padahal aktif dan memiliki NIDN, isikan di sheet Dosen Mengajar","Jika tahapan Dosen Mengajar gagal, harus bagaimana?",Apa langkah yang harus diperhatikan jika tahapan Dosen Mengajar mengalami kendala?,Bagaimana jika tidak ada centang karena dosen belum memiliki NIDN?,Apa yang harus dilakukan jika ID Kelas kosong pada tahapan Dosen Mengajar?,Ke mana saya harus mengisi data jika dosen aktif dan memiliki NIDN tetapi tidak ada centang?,Apakah saya perlu mengabaikan status dosen yang sudah pensiun di tahapan Dosen Mengajar?,Apa yang harus dilakukan jika dosen berstatus non aktif pada tahapan Dosen Mengajar?,Harus kembali ke mana jika ID Kelas kosong pada tahapan Dosen Mengajar?,Bagaimana cara mengatasi kendala tidak ada centang padahal dosen tersebut aktif dan punya NIDN?,Di sheet mana saya harus mengisi data dosen yang aktif dan memiliki NIDN?,Apa solusinya jika tidak ada centang akibat ID Kelas yang kosong?,Karin bingung apa saja yang harus diperhatikan kalau ada kendala di bagian Dosen Mengajar?,Lutfi melihat dosen yang belum punya NIDN tidak ada centangnya di sistem. Apakah ini masalah besar atau bisa diabaikan?,Maman menemukan ID Kelas kosong sehingga centangnya hilang. Harus balik ke proses mana ini biar benar?,Nana punya dosen aktif yang punya NIDN tapi kok tidak ada centangnya ya? Harus diisi di bagian mana ini?,Oki mau lapor ada dosen aktif ber-NIDN tapi gagal dapat centang. Sheet mana yang harus saya isi? Bantuin dong.,,,,,,,,,,,,,,,,,,,,,,,,,,,,,,,,,,,,,,,,,,,,
64,"Jika tahapan Nilai Mata Kuliah gagal, harus bagaimana?","Jika terjadi kendala pada tahapan Nilai Mata Kuliah, silakan perhatikan: 
 1. Menu ini digunakan untuk unggah nilai dan merupakan aliran dari proses sebelumnya 
 2. Pastikan nilai sudah dipublish dengan rentang A - T, kecuali MBKM tidak diperkenankan update nilai lampau","Jika tahapan Nilai Mata Kuliah gagal, harus bagaimana?",Apa fungsi dari menu Nilai Mata Kuliah?,Menu apa yang merupakan aliran dari proses sebelumnya untuk mengunggah nilai?,Apa yang harus diperhatikan pertama kali jika terjadi kendala pada tahapan Nilai Mata Kuliah?,Berapa rentang nilai yang harus dipastikan sudah dipublish?,Apakah saya bisa mengubah nilai yang sudah lampau untuk program MBKM?,Apa syarat utama agar nilai bisa berhasil diunggah tanpa kendala?,Pengecualian apa yang berlaku pada aturan update nilai lampau?,Apakah menu Nilai Mata Kuliah berdiri sendiri atau merupakan lanjutan dari tahapan lain?,Huruf apa saja yang menjadi batas rentang nilai yang diperbolehkan?,Mengapa proses update nilai lampau saya ditolak oleh sistem?,"Budi sedang mencoba mengunggah nilai hasil dari proses sebelumnya namun gagal terus, sebenarnya menu Nilai Mata Kuliah ini fungsinya untuk apa dan gimana solusinya?","Andi baru sadar nilai yang dimasukkannya di luar rentang A sampai T sehingga sistem error, gimana sih ini cara memperbaikinya?","Roni kesulitan saat ingin melakukan update nilai lampau untuk mahasiswa program MBKM yang ternyata tidak diperbolehkan, apa yang harus dilakukan?","Siska sudah memastikan nilai dalam rentang A-T tapi proses unggah nilai sebagai aliran proses sebelumnya tetap macet, bantuin dong gimana langkahnya.","Nilai yang dipublish Joko ditolak sistem karena ada aturan khusus mengenai update nilai lampau pada program MBKM, gimana sih ini solusinya?",,,,,,,,,,,,,,,,,,,,,,,,,,,,,,,,,,,,,,,,,,,,
65,"Jika tahapan Rekap Error gagal, harus bagaimana?","Jika terjadi kendala pada Rekap Error, silakan perhatikan: 
 1. Jika error karena SKS tidak sesuai, cek di menu Evaluasi Studi > forlap1, jika sudah sesuai maka abaikan 
 2. Jika sudah hijau namun masih muncul data, cek forlap1, jika sudah masuk maka abaikan 
 3. Jika ada perbedaan mata kuliah atau SKS, isi di sheet Rekap Nilai 
 4. Jika error JSON, pastikan kolom status dan jenis biaya sudah terisi","Jika tahapan Rekap Error gagal, harus bagaimana?",Apa penyebab terjadinya error JSON pada tahapan Rekap Error?,Di menu mana saya bisa melihat kecocokan SKS jika terjadi error?,Apa langkah selanjutnya jika error SKS tidak sesuai namun di forlap1 sudah benar?,Bagaimana jika status indikator sudah hijau tapi data masih terus muncul?,"Jika saya menemukan perbedaan mata kuliah, di mana saya harus mencatatnya?",Sheet apa yang digunakan khusus untuk mengisi perbedaan SKS?,Apa yang harus dipastikan terisi untuk menyelesaikan error JSON?,Kolom apa saja yang wajib dicek selain jenis biaya saat terjadi error JSON?,Kapan saya diperbolehkan mengabaikan data yang masih muncul meski indikator sudah berwarna hijau?,Bagaimana cara mengatasi error yang muncul karena jumlah SKS tidak sesuai?,"Ani menemukan error SKS tidak sesuai pada tahapan Rekap Error, setelah dicek di menu Evaluasi Studi forlap1 ternyata sudah sesuai, gimana sih ini kelanjutannya?","Indikator sudah berwarna hijau tapi data milik Budi masih saja muncul di sistem, tolong bantuin dong harus cek ke mana lagi.","Roni melihat ada perbedaan mata kuliah dan jumlah SKS pada laporannya, di sheet mana saya harus mengisi data yang benar agar tidak error?","Muncul notifikasi error JSON saat Tono sedang melakukan rekap, bagian kolom status dan jenis biaya harus dipastikan seperti apa?","Siti bingung karena sudah masuk forlap1 dan indikator sudah hijau tapi data tetap muncul di rekap error, apa solusinya biar masalah ini selesai?",,,,,,,,,,,,,,,,,,,,,,,,,,,,,,,,,,,,,,,,,,,,
66,Di mana melihat hasil pelaporan PDDikti?,"Untuk melihat hasil pelaporan PDDikti, silakan akses https://pddikti.kemdiktisaintek.go.id/ profil Prodi",Di mana melihat hasil pelaporan PDDikti?,Apa itu tautan untuk melihat hasil pelaporan PDDikti?,Apa yang dimaksud dengan profil Prodi pada pengecekan hasil pelaporan?,Di mana saya bisa mengecek hasil laporan PDDikti?,Alamat web apa yang harus diakses untuk melihat hasil PDDikti?,Profil apa yang perlu dibuka untuk mengecek pelaporan PDDikti?,Bagaimana cara mengetahui hasil pelaporan PDDikti?,Link apa yang dipakai untuk melihat pelaporan PDDikti?,Ke mana saya harus pergi untuk mengecek hasil laporan PDDikti?,Apakah ada situs khusus untuk melihat hasil pelaporan PDDikti?,Situs apa yang menampilkan hasil pelaporan PDDikti?,"Pak Bambang ingin memvalidasi hasil pelaporan prodinya melalui website resmi, apa alamat link yang harus diakses untuk melihat profil Prodi?","Bu Retno sudah menyelesaikan pelaporan PDDikti tapi tidak tahu di mana harus melihat hasilnya, gimana sih ini caranya biar bisa cek di website Kemdiktisaintek?","Andi perlu mengecek profil Prodi untuk melihat status akhir pelaporan di PDDikti, tolong bantuin dong kasih tahu alamat websitenya.","Hasil pelaporan PDDikti milik kampus Siska belum terlihat, di mana link resmi untuk mengecek profil Prodi tersebut?","Roni ingin memastikan data yang dilaporkan sudah masuk di portal PDDikti Kemdiktisaintek, bagaimanakah cara melihat hasil laporannya?",,,,,,,,,,,,,,,,,,,,,,,,,,,,,,,,,,,,,,,,,,,,
67,"Jika SKS di feeder tercatat 0, harus bagaimana?","Jika SKS di feeder tercatat 0, silakan isi Google Sheet http://ugm.id/PelaporanPDDikti dengan melampirkan data Kurikulum, Mata Kuliah, Prodi, dan SKS","Jika SKS di feeder tercatat 0, harus bagaimana?",Apa yang dimaksud dengan langkah perbaikan jika SKS di feeder tercatat 0?,Apa definisi dari data yang harus disiapkan saat SKS di feeder 0?,Apa yang harus dilakukan jika SKS di feeder tercatat 0?,Ke mana saya harus melapor jika jumlah SKS di feeder bernilai 0?,Tautan apa yang harus diisi ketika menemukan SKS 0 di feeder?,Data apa saja yang perlu dilampirkan saat mengisi Google Sheet untuk SKS 0?,Apakah saya perlu melampirkan data Kurikulum jika SKS di feeder 0?,Di mana saya bisa menemukan form untuk memperbaiki SKS feeder yang 0?,Dokumen apa yang diminta saat melaporkan SKS 0 di feeder PDDikti?,Link Google Sheet apa yang dipakai untuk mengurus SKS 0 di feeder?,Apa yang harus Andi lakukan jika menemukan SKS di feeder miliknya tercatat 0?,"Budi melihat SKS di feeder tercatat 0, apa link Google Sheet yang harus dia isi untuk melapor?","SKS di feeder punyaku tercatat 0, dokumen apa saja seperti kurikulum dan prodi yang harus dilampirkan?","Andi mau lapor SKS feeder yang 0 ke link ugm.id/PelaporanPDDikti, selain data kurikulum harus bawa apa lagi ya?","SKS di sistem feeder kok tercatat 0, gimana sih ini solusinya tolong bantu dong?",,,,,,,,,,,,,,,,,,,,,,,,,,,,,,,,,,,,,,,,,,,,
68,"Jika SKS Simaster dan Feeder berbeda, harus bagaimana?","Jika terdapat perbedaan jumlah SKS antara Simaster dan Feeder, silakan isi Google Sheet http://ugm.id/PelaporanPDDikti dengan melampirkan data Kurikulum, Mata Kuliah, Prodi, SKS, dan NIU","Jika SKS Simaster dan Feeder berbeda, harus bagaimana?",Apa definisi prosedur jika SKS Simaster dan Feeder tidak sama?,Apa yang dimaksud dengan perbaikan perbedaan SKS antara Simaster dan Feeder?,Apa yang harus dilakukan jika jumlah SKS di Simaster berbeda dengan di Feeder?,Link apa yang perlu diisi saat ada selisih SKS antara Simaster dan Feeder?,Data apa yang wajib dilampirkan jika terjadi perbedaan SKS di Simaster dan Feeder?,Ke mana laporan perbedaan SKS Simaster dan Feeder harus dikirimkan?,Apakah data NIU diperlukan saat melaporkan perbedaan SKS Simaster dan Feeder?,Bagaimana cara mengatasi ketidaksesuaian data SKS antara Simaster dan Feeder?,Informasi apa saja yang diminta di Google Sheet saat SKS Simaster dan Feeder beda?,Apa solusi untuk SKS mahasiswa yang berbeda antara sistem Simaster dan Feeder?,Apa yang dimaksud dengan prosedur pelaporan jika jumlah SKS Simaster dan Feeder milik Siti berbeda?,"Budi mendapati perbedaan SKS antara Simaster dan Feeder, lapornya harus lewat mana dan lampirannya apa saja?","Iwan bingung jumlah SKS di Simaster dan Feeder miliknya tidak sama, NIU perlu dilampirkan juga tidak ya?","Data SKS di Simaster beda sama yang di Feeder, tolong bantu solusinya gimana biar datanya benar?","Roni mau isi Google Sheet pelaporan karena SKS Simaster dan Feeder beda, link aslinya yang mana ya?",,,,,,,,,,,,,,,,,,,,,,,,,,,,,,,,,,,,,,,,,,,,
69,"Jika data sudah bersih tapi belum 100%, kenapa?","Jika persentase belum 100%, kemungkinan masih ada: 
 1. Data tagihan mahasiswa yang belum melakukan KRS atau belum di-approve 
 2. Data mahasiswa yang belum terminasi dan tidak melakukan aktivitas","Jika data sudah bersih tapi belum 100%, kenapa?",Apa yang dimaksud dengan kondisi data bersih tapi belum 100%?,Apa definisi mahasiswa belum terminasi dalam konteks persentase pelaporan?,Apa penyebab persentase data belum mencapai 100%?,Mengapa data yang sudah bersih bisa belum mencapai persentase 100%?,Apa saja dua kemungkinan penyebab persentase pelaporan tidak 100%?,Apakah data tagihan mahasiswa berpengaruh pada persentase kelengkapan data?,Bagaimana status KRS mahasiswa bisa membuat persentase data tidak 100%?,Apa hubungannya mahasiswa yang belum terminasi dengan persentase data?,Apakah aktivitas mahasiswa mempengaruhi pencapaian 100% data?,Mengapa data tagihan yang KRS-nya belum di-approve menyebabkan persentase tidak penuh?,Apa penyebab utama jika data sudah dianggap bersih namun persentase progres belum mencapai 100%?,"Joko melihat data sudah bersih tapi persentase belum 100%, apakah ini karena ada mahasiswa yang belum KRS?","Persentase data belum 100% padahal sudah bersih, apa ada hubungannya dengan mahasiswa yang belum terminasi?","Siti bingung datanya belum 100%, apa mungkin karena ada tagihan mahasiswa yang belum di-approve ya?","Data sudah bersih tapi kenapa ya kok di sistem belum 100%, tolong bantu jelasin penyebabnya dong.",,,,,,,,,,,,,,,,,,,,,,,,,,,,,,,,,,,,,,,,,,,,
70,Bagaimana cara cek data di PDDikti?,"Untuk mengecek data di PDDikti, silakan: 
 1. Kunjungi https://pddikti.kemdiktisaintek.go.id/
 2. Masukkan NIM pada kolom pencarian 
 3. Klik nama mahasiswa yang muncul",Bagaimana cara cek data di PDDikti?,Apa arti pengecekan data di PDDikti?,Apa yang dimaksud dengan langkah pencarian NIM pada situs PDDikti?,Bagaimana langkah-langkah mengecek data di PDDikti?,Situs apa yang harus dikunjungi untuk mengecek data mahasiswa di PDDikti?,Data apa yang harus dimasukkan pada kolom pencarian PDDikti?,Apa yang harus diklik setelah memasukkan NIM di pencarian PDDikti?,Di mana saya harus memasukkan NIM untuk mencari data PDDikti?,Apa langkah pertama untuk melihat data diri di PDDikti?,Kolom apa yang dipakai untuk mencari data di web PDDikti?,Bagaimana cara menemukan nama mahasiswa di situs PDDikti?,Andi ingin memastikan namanya sudah masuk ke sistem pusat tapi dia bingung harus membuka alamat website yang mana. Tolong bantu arahannya gimana sih ini.,"Budi sudah berada di depan laptop dan ingin mencari profil kuliahnya, data apa yang harus dia masukkan ke dalam kolom pencarian di situs resmi? Bantuin dong.","Siti sudah memasukkan NIM dan melihat namanya muncul di daftar pencarian, lalu langkah apa yang harus dia lakukan agar bisa melihat detail datanya? Tolong bantu ya.",Roni mau memverifikasi status mahasiswanya secara mandiri di portal PDDikti tapi tidak tahu urutan kliknya dari awal sampai akhir. Bagaimana solusinya ini?,"Maya perlu mengecek kevalidan datanya di pangkalan data pendidikan tinggi, apa saja tahapan yang harus dia lalui agar profilnya terbuka? Tolong bantu informasinya.",,,,,,,,,,,,,,,,,,,,,,,,,,,,,,,,,,,,,,,,,,,,
71,PDDikti digunakan untuk apa?,"PDDikti merupakan pangkalan data yang menghimpun data mahasiswa dari seluruh perguruan tinggi di Indonesia, baik negeri maupun swasta.",PDDikti digunakan untuk apa?,Apa yang dimaksud dengan PDDikti?,Apa kegunaan utama dari pangkalan data PDDikti?,Data siapa saja yang dihimpun di dalam sistem PDDikti?,Apakah PDDikti juga mencakup data dari perguruan tinggi swasta?,Dari mana saja asal perguruan tinggi yang datanya masuk ke PDDikti?,Di mana pangkalan data mahasiswa seluruh Indonesia dikumpulkan?,Apakah data mahasiswa dari perguruan tinggi negeri tercatat di PDDikti?,Sistem pangkalan data apa yang digunakan untuk menghimpun mahasiswa secara nasional?,Jenis data apa yang disimpan secara khusus di dalam PDDikti?,Lembaga apa saja yang datanya dihimpun dalam pangkalan data ini?,Andi baru saja mendengar tentang PDDikti dan ingin tahu apa sebenarnya fungsi dari pangkalan data tersebut bagi dunia pendidikan. Tolong jelaskan definisinya dong.,Budi berkuliah di sebuah universitas swasta kecil dan ragu apakah datanya juga ikut dihimpun dalam sistem nasional tersebut. Bagaimana sih cakupan pendataan sistem ini?,Siti ingin memahami kegunaan utama dari portal PDDikti dalam mengelola informasi mahasiswa di seluruh Indonesia. Apa sebenarnya isi dari data tersebut? Bantuin dong.,Roni bertanya apakah PDDikti hanya mencatat mahasiswa dari perguruan tinggi negeri saja atau mencakup semua jenis kampus di Indonesia. Tolong bantu jawab pertanyaannya.,Maya bingung kenapa kampusnya mewajibkan semua mahasiswa masuk ke sistem pangkalan data nasional. Apa sih tujuan utama penghimpunan data mahasiswa tersebut? Gimana sih ini.,,,,,,,,,,,,,,,,,,,,,,,,,,,,,,,,,,,,,,,,,,,,
72,Apa dampak jika tidak terdaftar di PDDikti?,"Jika mahasiswa tidak terdaftar di PDDikti, dapat berdampak pada: 
 1. Kesulitan mendapatkan beasiswa 
 2. Kendala dalam kegiatan penelitian 
 3. Tidak dapat mengikuti lomba mahasiswa 
 4. Tidak dapat pindah kampus 
 5. Tidak dapat mengikuti seleksi CPNS",Apa dampak jika tidak terdaftar di PDDikti?,Apa saja dampak utama jika nama mahasiswa tidak tercatat di PDDikti?,Mengapa penting bagi mahasiswa untuk terdaftar di PDDikti?,Apakah ada pengaruhnya terhadap pencarian beasiswa jika tidak terdaftar di PDDikti?,Bisakah saya mengikuti lomba mahasiswa jika data saya tidak ada di PDDikti?,Apakah status pendaftaran di PDDikti memengaruhi kegiatan penelitian mahasiswa?,Apa akibatnya terhadap proses pindah kampus jika data tidak tercatat di PDDikti?,Apakah pendaftaran CPNS membutuhkan data yang terdaftar di PDDikti?,Apa saja kerugian yang dialami mahasiswa jika namanya absen dari sistem PDDikti?,Benarkah tidak terdaftar di PDDikti bisa menghambat proses pindah universitas?,Apa kendala akademis dan karir yang muncul kalau data kita tidak masuk PDDikti?,Andi berniat mendaftar seleksi CPNS tahun ini tapi namanya tidak ditemukan di sistem pusat. Masalah apa yang akan dia hadapi jika statusnya tetap tidak terdaftar? Tolong bantu.,"Budi sangat membutuhkan bantuan biaya pendidikan, namun katanya data yang tidak tercatat di pangkalan pusat bisa menghambat pengajuan beasiswa. Bagaimana sih ini solusinya?","Siti ingin pindah ke kampus lain karena alasan keluarga, tapi dia mendengar bahwa jika tidak terdaftar di sistem nasional maka prosesnya tidak bisa dilakukan. Apakah itu benar? Bantuin dong.",Roni dilarang oleh dosennya untuk mewakili kampus dalam lomba mahasiswa tingkat nasional karena data NIM-nya tidak valid di pusat. Apa saja kerugian lainnya kalau tidak terdaftar? Tolong bantu ya.,Maya sedang menyusun penelitian namun terkendala akses karena identitas mahasiswanya tidak diakui di sistem pangkalan data. Apa saja dampak buruk bagi mahasiswa yang tidak tercatat di sana? Bagaiamana ini solusinya.,,,,,,,,,,,,,,,,,,,,,,,,,,,,,,,,,,,,,,,,,,,,
73,"Jika data tidak ditemukan di PDDikti, harus bagaimana?","Jika data tidak ditemukan di PDDikti, silakan: 
 1. Pastikan kata kunci pencarian sudah benar 
 2. Jika mahasiswa baru, kemungkinan masih menunggu periode pelaporan 
 3. Jika angkatan sebelum 2003, tidak wajib tercatat 
 4. Jika setelah 2003 belum tercatat, hubungi program studi","Jika data tidak ditemukan di PDDikti, harus bagaimana?",Apa langkah pertama yang harus dilakukan jika data tidak muncul saat dicari di PDDikti?,Bagaimana solusi untuk mahasiswa baru yang datanya belum ditemukan di PDDikti?,Apakah mahasiswa angkatan sebelum tahun 2003 wajib tercatat di sistem PDDikti?,Siapa yang harus dihubungi jika mahasiswa angkatan setelah 2003 belum terdaftar di PDDikti?,Mengapa data mahasiswa baru terkadang belum muncul di pencarian PDDikti?,Apa yang perlu dipastikan saat melakukan pencarian nama di situs PDDikti?,Bagaimana ketentuan pencatatan PDDikti untuk mahasiswa lulusan sebelum tahun 2003?,Ke mana saya harus melapor jika masuk kuliah tahun 2005 tapi data tidak ada di PDDikti?,Kenapa kata kunci pencarian sangat penting saat mengecek status PDDikti?,Apa penyebab umum data seorang mahasiswa tidak bisa ditemukan dalam sistem PDDikti?,Andi mencoba mencari data dirinya di PDDikti namun tidak ada hasil yang muncul. Apa langkah paling awal yang harus Andi lakukan untuk memastikan pencariannya tidak keliru?,Budi adalah mahasiswa baru yang panik karena namanya belum terdaftar di sistem PDDikti saat ini. Kenapa hal ini bisa terjadi dan apa yang harus ditunggu oleh Budi?,Pak Roni yang merupakan lulusan angkatan 1995 bingung karena profil kuliahnya tidak ditemukan di PDDikti. Apakah data sebelum tahun 2003 memang tidak wajib tercatat di sistem tersebut?,Siska lulusan tahun 2010 sudah mencari namanya dengan benar tapi datanya tetap tidak ditemukan di PDDikti. Siapa pihak di kampus yang harus segera dihubungi Siska untuk menangani masalah ini?,Dono sudah berkali-kali memasukkan kata kunci pencarian dengan benar tapi data kuliah angkatan 2015 miliknya tetap nihil. Gimana sih ini solusinya kalau mau lapor ke program studi?,,,,,,,,,,,,,,,,,,,,,,,,,,,,,,,,,,,,,,,,,,,,
74,"Status belum lulus di PDDikti, padahal sudah wisuda","Jika status belum diperbarui, maka: 
 1. Data akan diperbarui secara berkala setelah wisuda 
 2. Jika lebih dari 3 hari belum update, ajukan melalui http://ugm.id/PDLdikti","Status belum lulus di PDDikti, padahal sudah wisuda",Kapan biasanya data kelulusan diperbarui di sistem PDDikti setelah mahasiswa diwisuda?,Bagaimana cara mengurus status yang masih belum lulus di PDDikti padahal sudah wisuda?,Berapa lama batas waktu wajar menunggu pembaruan data PDDikti setelah acara wisuda?,Ke mana saya harus mengajukan laporan jika status PDDikti tidak berubah setelah 3 hari wisuda?,Apakah data status mahasiswa akan otomatis diperbarui usai mengikuti wisuda?,Apa tautan yang bisa digunakan untuk mengurus pembaruan status lulus di PDDikti?,Kenapa status saya di PDDikti masih aktif padahal minggu lalu saya sudah wisuda?,Apa yang harus saya lakukan agar status PDDikti berubah menjadi lulus?,Di mana saya bisa melaporkan keterlambatan pembaruan status lulus setelah lebih dari tiga hari?,Apakah ada sistem pembaruan berkala untuk mengubah status mahasiswa menjadi lulus?,"Sinta sudah mengikuti prosesi wisuda, namun statusnya di PDDikti masih tercatat sebagai mahasiswa aktif. Bagaimana sebenarnya mekanisme pembaruan data kelulusan ini dilakukan?",Maya baru saja wisuda kemarin dan langsung mengecek statusnya di PDDikti yang ternyata belum berubah menjadi lulus. Berapa lama periode pembaruan berkala yang harus ditunggu sebelum dia boleh melapor?,Sudah seminggu berlalu sejak wisuda tapi status kelulusan Roni di PDDikti masih belum diperbarui. Gimana sih ini cara mengajukan perbaikan lewat tautan ugm.id yang tersedia?,"Budi membutuhkan status lulus di PDDikti untuk melamar pekerjaan, namun datanya belum update meski sudah lewat 3 hari dari wisuda. Tolong bantu dong, ke alamat web mana laporan ini harus dikirimkan?",Ani mendapati status kuliahnya tidak kunjung berubah setelah wisuda lebih dari 3 hari yang lalu. Apa yang harus dilakukan Ani melalui link http://ugm.id/PDLdikti agar datanya diperbarui?,,,,,,,,,,,,,,,,,,,,,,,,,,,,,,,,,,,,,,,,,,,,
75,"IPK tidak muncul saat daftar PPG, bagaimana?","Jika IPK tidak muncul, silakan ajukan perubahan melalui http://ugm.id/PDLdikti dengan melampirkan ijazah dan transkrip.","IPK tidak muncul saat daftar PPG, bagaimana?",Apa yang harus dilakukan jika nilai IPK kosong saat mendaftar PPG?,Ke mana saya harus mengajukan perubahan jika IPK tidak muncul?,Dokumen apa saja yang wajib dilampirkan untuk mengatasi IPK yang tidak muncul?,Apakah saya perlu melampirkan transkrip nilai jika IPK tidak keluar saat daftar PPG?,Tautan apa yang harus diakses untuk memperbaiki data IPK yang hilang?,Saya sedang daftar PPG tapi IPK saya tidak terdeteksi. Bagaimana solusinya?,Berkas apa yang disiapkan untuk mengurus IPK yang tidak muncul di sistem PPG?,Di mana saya bisa mengunggah ijazah dan transkrip untuk perbaikan data IPK?,Apakah ijazah diperlukan sebagai syarat perubahan data jika IPK tidak tampil?,Langkah apa yang harus saya ambil ketika sistem pendaftaran PPG tidak memunculkan IPK saya?,Roni sedang mendaftar PPG tetapi nilai IPK miliknya tidak muncul di sistem pendaftaran. Apa langkah yang harus diambil Roni untuk mengajukan perubahan data tersebut?,Lia mendapati kolom IPK-nya kosong saat ingin registrasi PPG padahal data lainnya sudah benar. Link ugm.id mana yang harus diakses Lia untuk mengatasi kendala ini?,Siska ingin memperbaiki data IPK yang tidak muncul untuk keperluan PPG melalui http://ugm.id/PDLdikti. Dokumen apa saja yang harus disiapkan dan dilampirkan oleh Siska?,"Andi merasa bingung karena IPK tidak keluar di portal PPG padahal ijazah sudah ada. Gimana sih ini, apa benar lapornya harus melampirkan transkrip dan ijazah ke sistem PDLdikti?","IPK milik Budi tidak muncul saat mau daftar PPG, tolong bantuin dong solusinya bagaimana dan apa saja syarat dokumen yang harus diunggah ke link pengajuan?",,,,,,,,,,,,,,,,,,,,,,,,,,,,,,,,,,,,,,,,,,,,
76,"Nomor ijazah tidak muncul di PDDikti, bagaimana?","Jika nomor ijazah belum muncul, silakan ajukan perubahan melalui http://ugm.id/PDLdikti dengan melampirkan ijazah dan transkrip.","Nomor ijazah tidak muncul di PDDikti, bagaimana?",Apa solusinya jika nomor ijazah tidak tertera di PDDikti?,Ke mana pengajuan perubahan data dilakukan bila nomor ijazah belum muncul di PDDikti?,Dokumen apa yang harus diunggah untuk memperbaiki nomor ijazah yang kosong di PDDikti?,Apakah transkrip nilai perlu dilampirkan saat mengurus nomor ijazah yang tidak keluar di PDDikti?,Link apa yang digunakan untuk melaporkan nomor ijazah yang belum muncul?,Saya sudah cek PDDikti tapi nomor ijazah saya tidak ada. Apa yang harus saya lakukan?,Berkas apa saja yang diminta untuk memunculkan nomor ijazah?,Di mana saya bisa memperbarui data agar nomor ijazah tampil di PDDikti?,Apakah melampirkan ijazah saja cukup untuk memperbaiki data PDDikti yang tidak ada nomor ijazahnya?,Bagaimana prosedur perbaikan data jika profil PDDikti saya tidak memuat nomor ijazah?,Budi baru cek PDDikti tapi nomor ijazahnya belum ada di sana. Apa yang sebenarnya harus Budi lakukan supaya nomornya muncul?,Roni panik karena nomor ijazahnya belum terdaftar di sistem PDDikti padahal mau daftar kerja. Gimana sih cara ngurusnya ini?,Siti sudah lulus tapi pas dicek nomor ijazah di PDDikti masih kosong. Dokumen apa saja yang perlu Siti siapkan buat lapor lewat link resmi yang tersedia?,Iwan mau ajuin pembaruan nomor ijazah di PDDikti lewat portal yang disediakan UGM. Link mana yang harus Iwan buka biar cepat diproses?,"Andi bingung nomor ijazahnya tidak tampil di PDDikti. Tolong bantu Andi, langkah apa yang paling tepat buat mengatasi masalah ini sekarang?",,,,,,,,,,,,,,,,,,,,,,,,,,,,,,,,,,,,,,,,,,,,
77,Kenapa data lulusan UGM tidak ditemukan di SIVIL?,"SIVIL terintegrasi dengan PDDikti. Jika nomor ijazah tidak ditemukan di SIVIL, silakan cek terlebih dahulu data lulusan di PDDikti. Pastikan status sudah “Lulus” dan nomor ijazah sudah tampil. Jika belum sesuai, ajukan permohonan perubahan melalui http://ugm.id/PDLdikti dengan melampirkan ijazah dan transkrip.",Kenapa data lulusan UGM tidak ditemukan di SIVIL?,Mengapa data seorang lulusan bisa tidak ditemukan di SIVIL?,Sistem apa yang terintegrasi langsung dengan SIVIL?,Apa yang harus dicek pertama kali jika nomor ijazah tidak ada di SIVIL?,Status apa yang harus dipastikan di PDDikti agar data muncul di SIVIL?,Apa yang harus dilakukan jika data di PDDikti belum berstatus Lulus dan tidak ada nomor ijazahnya?,Melalui tautan mana permohonan perubahan data diajukan jika data SIVIL tidak sesuai?,Dokumen apa saja yang dilampirkan untuk memperbaiki data kelulusan yang tidak ada di SIVIL?,Data saya tidak ditemukan di SIVIL. Berkas apa yang perlu saya siapkan untuk perbaikan?,Apakah saya harus mengecek nomor ijazah di PDDikti jika SIVIL tidak menemukan data saya?,Bagaimana cara mengurus status kelulusan dan nomor ijazah yang belum tampil agar sinkron dengan SIVIL?,Maya mau verifikasi ijazah di SIVIL tapi datanya nggak ketemu. Kenapa hal ini bisa terjadi dan apa yang harus dia pastikan pertama kali?,Agus cek di SIVIL ijazahnya tidak terdaftar padahal dia alumni UGM. Apa yang harus Agus pastikan di data PDDikti-nya biar data di SIVIL sinkron?,Data lulusan punya Rani tidak ada di sistem SIVIL Kemendikbud. Gimana solusinya kalau Rani ternyata statusnya belum tertulis Lulus di PDDikti?,"Budi sudah cek SIVIL tapi nihil, sedangkan nomor ijazah di PDDikti juga belum muncul. Ke mana Budi harus melapor dan apa lampirannya?",Ijazah Sinta tidak terdeteksi di SIVIL padahal butuh buat validasi. Tolong kasih tahu langkah-langkah yang harus Sinta tempuh biar datanya masuk ke SIVIL.,,,,,,,,,,,,,,,,,,,,,,,,,,,,,,,,,,,,,,,,,,,,
78,Bagaimana cara mengubah data mahasiswa di PDDikti?,"Perubahan data tidak dapat dilakukan langsung oleh mahasiswa atau alumni. Jika terdapat data yang tidak sesuai, silakan ajukan permohonan melalui http://ugm.id/PDMdikti dengan melampirkan: 
 1. Mahasiswa aktif: KK, KTP, dan KTM 
 2. Lulusan: KK, KTP, ijazah, dan transkrip",Bagaimana cara mengubah data mahasiswa di PDDikti?,Apa ketentuan dasar dalam melakukan perubahan data di PDDikti?,Di mana saya bisa mengakses formulir pengajuan perubahan data mahasiswa?,Siapa yang berhak mengubah data secara langsung di sistem?,Apakah mahasiswa aktif bisa langsung merubah datanya sendiri?,Dokumen apa saja yang wajib diunggah oleh mahasiswa aktif untuk ralat biodata?,Apa syarat dokumen ralat data bagi seorang lulusan atau alumni?,"Saya mahasiswa aktif yang ingin meralat data, ke mana saya harus mengajukan permohonan?",Mengapa saya tidak diizinkan meralat sendiri biodata di portal PDDikti?,"Selain KTP dan KK, dokumen apa yang dibutuhkan mahasiswa aktif?",Apakah alumni perlu melampirkan ijazah dan transkrip untuk keperluan perbaikan data?,Nama Doni salah ketik di PDDikti padahal dia masih mahasiswa aktif. Gimana cara Doni minta perbaikan data karena dia nggak bisa ubah sendiri?,Eka sudah jadi alumni tapi NIK di data PDDikti ternyata keliru. Dokumen apa saja yang harus Eka siapkan buat pengajuan lewat link resmi?,Andi mahasiswa aktif UGM mau ganti data di PDDikti dan sudah punya KTP serta KK. Apa satu dokumen lagi yang wajib Andi lampirkan?,Rina mau memperbaiki data kelulusannya di sistem PDDikti lewat jalur resmi universitas. Link mana yang harus Rina akses biar masalahnya cepat kelar?,"Yusuf bingung mau update data mahasiswa di PDDikti tapi tidak ada menu edit langsung. Tolong bantu Yusuf, apa prosedur yang benar buat pengajuan perubahan ini?",,,,,,,,,,,,,,,,,,,,,,,,,,,,,,,,,,,,,,,,,,,,
79,Kenapa alumni sebelum 2003 tidak muncul di PDDikti?,"Data PDDikti mulai dicatat sejak tahun ajaran 2003/2004. Untuk alumni sebelum tahun tersebut, verifikasi ijazah dilakukan di perguruan tinggi masing-masing melalui legalisir ijazah atau permohonan surat keterangan ke program studi asal.",Kenapa alumni sebelum 2003 tidak muncul di PDDikti?,Apa alasan utama data alumni sebelum tahun 2003 tidak ada di PDDikti?,Mulai tahun ajaran berapa pencatatan data PDDikti diberlakukan secara resmi?,Kenapa profil saya sebagai lulusan tahun 2001 tidak ditemukan di sistem?,Bagaimana prosedur verifikasi ijazah untuk lulusan sebelum tahun 2003?,Ke mana alumni sebelum tahun 2003 harus mengajukan verifikasi ijazah?,Apakah lulusan tahun 1998 bisa mencari datanya di PDDikti?,Apa solusi alternatif jika data kelulusan tahun 1999 tidak muncul?,Bisakah legalisir ijazah digunakan sebagai verifikasi untuk angkatan lama?,Mengapa pencarian nama mahasiswa angkatan 2000 selalu gagal di portal?,Apakah saya bisa meminta surat keterangan ke program studi untuk verifikasi ijazah lawas?,"Andi lulusan tahun 1999 bingung kenapa datanya tidak ada di sistem PDDikti, apa alasan sebenarnya data lama tidak muncul?","Budi mau melamar kerja tapi ijazah angkatan 2000 miliknya tidak terdaftar online, bagaimana cara verifikasinya kalau begini?","Ijazah kelulusan tahun 1995 milik Roni tidak ditemukan di PDDikti, tolong bantu kasih tahu langkah legalisirnya dong.","Siska alumni tahun 2001 ingin minta surat keterangan karena namanya tidak ada di database pusat, harus lapor ke mana sih ini?","Mengapa data mahasiswa sebelum tahun ajaran 2003/2004 tidak tercatat di PDDikti, tolong jelaskan solusinya buat alumni lama.",,,,,,,,,,,,,,,,,,,,,,,,,,,,,,,,,,,,,,,,,,,,
80,Berapa lama proses perbaikan data PDDikti?,Proses perubahan jenis keluar dan perbaikan data mahasiswa dilakukan melalui pengajuan oleh institusi ke PDDikti dengan melampirkan dokumen pendukung. Proses hingga disetujui PDDikti memerlukan waktu sekitar 3 - 4 minggu sejak diajukan.,Berapa lama proses perbaikan data PDDikti?,Apa tahapan awal untuk memproses perbaikan data mahasiswa di PDDikti?,Berapa lama estimasi waktu yang diperlukan untuk perbaikan data PDDikti hingga disetujui?,Pihak mana yang berwenang mengajukan perubahan data tersebut ke pusat?,Berapa lama waktu tunggu persetujuan perubahan jenis keluar sejak diajukan?,Siapa yang bertugas melampirkan dokumen pendukung ke sistem PDDikti?,Mengapa pengajuan ralat data saya belum selesai padahal sudah berjalan dua minggu?,Apakah perbaikan biodata di PDDikti bisa rampung dalam waktu kurang dari seminggu?,Apakah institusi harus selalu menyertakan dokumen pendukung saat mengajukan perbaikan?,Kapan kira-kira persetujuan dari PDDikti atas perubahan data bisa keluar?,Bagaimana alur dari institusi dalam menangani permohonan perubahan data mahasiswa ke pusat?,Berapa lama durasi maksimal proses perbaikan data mahasiswa di PDDikti sejak diajukan oleh kampus?,"Kampus Andi sudah kirim dokumen perbaikan jenis keluar ke PDDikti, kira-kira berapa minggu prosesnya sampai disetujui ya?","Siska butuh data PDDikti diperbaiki secepatnya, tapi katanya butuh waktu 3 sampai 4 minggu, kenapa lama sekali sih ini?","Roni sudah menunggu 3 minggu sejak kampus mengajukan perbaikan datanya ke sistem pusat, apa yang harus dilakukan sekarang?","Bagaimana prosedur dan berapa lama waktu tunggu normal untuk perubahan data di PDDikti setelah institusi melampirkan dokumen, bantuin dong.",,,,,,,,,,,,,,,,,,,,,,,,,,,,,,,,,,,,,,,,,,,,